SCIENTIFICNAME,photo
Calandrinia polypetala,no
Eucalyptus fitzgeraldii,yes
Kunzea acicularis,yes
Aotus prosacris,yes
Chorizema carinatum,yes
Eutaxia andocada,yes
Gastrolobium axillare,yes
Kunzea strigosa,yes
Logania cordifolia,yes
Lepidium strongylophyllum,yes
Lindernia mitrasacmoides,yes
Macarthuria ephedroides,yes
Microcorys virgata,yes
Lithomyrtus kakaduensis,yes
Lithomyrtus dunlopii,yes
Ammannia arnhemica,yes
Nyssanthes impervia,yes
Pericalymma spongiocaule,yes
Phymatocarpus interioris,yes
Pityrodia lanuginosa,yes
Physopsis lachnostachya,yes
Pluchea dioscoridis,yes
Ptilotus pedleyanus,yes
Rinzia schollerifolia,yes
Sclerolaena bicuspis,yes
Sida macropoda,yes
Sorghum bulbosum,yes
Sorghum exstans,yes
Indigofera erubescens,yes
Lawrencia berthae,yes
Synaphea parviflora,yes
Scholtzia teretifolia,yes
Sonneratia lanceolata,yes
Spermacoce gibba,yes
Trianthema patellitectum,yes
Triumfetta sylvicola,yes
Urena australiensis,yes
Xerochloa laniflora,yes
Persoonia rufiflora,yes
Leionema equestre,yes
Melaleuca clavifolia,yes
Melaleuca condylosa,yes
Melaleuca ctenoides,yes
Melaleuca fabri,yes
Melaleuca linguiformis,yes
Melaleuca spectabilis,yes
Melaleuca tinkeri,yes
Philotheca brevifolia,yes
Prostanthera leichhardtii,yes
Senecio depressicola,yes
Solanum rhaphiotes,yes
Solanum callosum,yes
Stylidium bindoon,yes
Grevillea polyacida,yes
Grevillea velutinella,yes
Abutilon calliphyllum,yes
Persoonia prostrata,yes
Hysterobaeckea petraea,yes
Velleia exigua,yes
Tephrosia forrestiana,yes
Operculina brownii,yes
Cullen cuneatum,yes
Swainsona laciniata,yes
Scaevola pulchella,yes
Ptilotus parvifolius,yes
Philotheca kalbarriensis,yes
Persoonia inconspicua,yes
Petrophile merrallii,yes
Conospermum cinereum,yes
Isopogon villosus,yes
Schoenoplectiella dissachantha,yes
Motherwellia haplosciadea,no
Cassinia lepschii,yes
Lindernia brennanii,yes
Hibiscus riceae,yes
Ptilotus maconochiei,yes
Calochilus russeus,yes
Sclerolaena constricta,yes
Homoranthus bruhlii,yes
Planchonella nitida,yes
Arenga listeri,yes
Pittosporum nativitatis,yes
Nephrolepis multiflora,yes
Anisomeles indica,yes
Berrya cordifolia,yes
Kleinhovia hospita,yes
Grewia acuminata,yes
Amphineuron opulentum,yes
Ischaemum nativitatis,yes
Laportea ruderalis,yes
Dendrocnide sinuata,yes
Pilea peploides,yes
Fimbristylis cymosa,yes
Digitaria setigera,yes
Boerhavia glabrata,yes
Abutilon listeri,yes
Colubrina pedunculata,yes
Dioscorea alata,yes
Euphorbia litticola,yes
Ptilotus indivisus,yes
Homoranthus bebo,yes
Eremophila koobabbiensis,yes
Homoranthus brevistylis,yes
Rhynchosia australis,yes
Corchorus pascuorum,yes
Indigofera queenslandica,yes
Goodenia byrnesii,yes
Tribulopis solandri,yes
Argyroglottis turbinata,yes
Lepidium foliosum,yes
Hodgsoniola junciformis,yes
Gymnoschoenus anceps,yes
Diocirea microphylla,yes
Leptinella drummondii,yes
Rorippa cygnorum,yes
Coleanthera myrtoides,yes
Drosera dichrosepala,yes
Lithomyrtus densifolia,yes
Ocimum caryophyllinum,yes
Tephrosia gyropoda,yes
Lithomyrtus grandifolia,yes
Ricinocarpos caniana,yes
Pomaderris walshii,yes
Homoranthus clarksonii,yes
Homoranthus vagans,yes
Homoranthus cummingii,yes
Phyllangium sulcatum,yes
Spergularia diandroides,yes
Conostylis angustifolia,yes
Platysace xerophila,yes
Stenanthemum reissekii,yes
Pileanthus bellus,yes
Amperea micrantha,yes
Liparophyllum lasiospermum,yes
Zieria floydii,yes
Prostanthera makinsonii,yes
Duperreya halfordii,yes
Olearia gravis,yes
Callistemon megalongensis,yes
Acacia equisetifolia,yes
Frankenia flabellata,yes
Heliotropium styotrichum,yes
Vittadinia condyloides,no
Pycnosorus thompsonianus,no
Luzula atrata,no
Ranunculus clivicola,no
Acacia eremophiloides,no
Leptospermum argenteum,no
Allocasuarina brachystachya,no
Eutaxia major,yes
Acacia argyrotricha,no
Acacia johannis,no
Acacia armillata,no
Acacia sericata,no
Acacia convallium,no
Acacia armitii,no
Acacia gracilenta,no
Acacia jackesiana,no
Acacia tenuispica,no
Acacia manipularis,no
Acacia lentiginea,no
Acacia amentifera,no
Acacia paula,no
Acacia polyadenia,no
Acacia declinata,no
Acacia cassicula,no
Acacia aciphylla,no
Acacia epedunculata,no
Acacia pelophila,no
Acacia kingiana,no
Acacia loxophylla,no
Acacia smeringa,no
Acacia capillaris,no
Acacia porcata,no
Acacia zatrichota,no
Acacia lanei,no
Acacia preissiana,no
Archidendropsis xanthoxylon,no
Crudia papuana,no
Conospermum galeatum,no
Synaphea tamminensis,no
Xylomelum scottianum,no
Acacia arbiana,no
Persoonia filiformis,no
Persoonia brachystylis,no
Persoonia hakeiformis,no
Stirlingia divaricatissima,no
Petrophile misturata,no
Petrophile trifurcata,no
Grevillea rubicunda,no
Grevillea adenotricha,no
Grevillea virgata,no
Grevillea berryana,no
Grevillea roycei,no
Grevillea secunda,no
Hakea loranthifolia,no
Terminalia prostrata,no
Acacia holotricha,no
Rotala rosea,no
Ammannia auriculata,no
Lythrum wilsonii,no
Memecylon hylandii,no
Memecylon arnhemensis,no
Acacia castanostegia,no
Dryadodaphne trachyphloia,no
Beilschmiedia recurva,no
Acacia scleroclada,no
Cassytha flindersii,no
Cryptocarya dorrigoensis,no
Endiandra bessaphila,no
Endiandra dielsiana,no
Endiandra limnophila,no
Endiandra sideroxylon,no
Ranunculus hamatosetosus,no
Acacia scalpelliformis,no
Choretrum lateriflorum,no
Leptomeria dielsiana,no
Leptomeria ericoides,no
Leptomeria axillaris,no
Acacia jensenii,no
Korthalsella leucothrix,no
Olax obcordata,no
Apatophyllum olsenii,no
Psammomoya ephedroides,no
Olax aphylla,no
Olax scalariformis,no
Jagera javanica,no
Sarcopteryx acuminata,no
Arytera dictyoneura,no
Dodonaea intricata,no
Dodonaea concinna,no
Dodonaea ericoides,no
Dodonaea glandulosa,no
Dodonaea humifusa,no
Dodonaea tepperi,no
Dodonaea divaricata,no
Alectryon repandodentatus,no
Allocasuarina drummondiana,no
Allocasuarina globosa,no
Allocasuarina filidens,no
Allocasuarina ophiolitica,no
Allocasuarina robusta,no
Acacia deuteroneura,no
Anthotium junciforme,no
Dampiera scaevolina,no
Dampiera heteroptera,no
Scaevola densifolia,no
Scaevola graminea,no
Goodenia elderi,no
Acacia inops,no
Goodenia ochracea,no
Goodenia megasepala,no
Goodenia potamica,no
Goodenia kakadu,no
Goodenia integerrima,no
Velleia hispida,no
Thysanotus gageoides,no
Thysanotus formosus,no
Thysanotus pseudojunceus,no
Acacia simulans,no
Crinum venosum,no
Conostylis albescens,no
Conostylis pauciflora,no
Acacia cummingiana,no
Conostylis latens,no
Conostylis deplexa,no
Conostylis resinosa,no
Conostylis seminuda,no
Corynotheca flexuosissima,no
Corynotheca asperata,no
Lomandra sonderi,no
Patersonia argyrea,no
Stemona angusta,no
Acacia diminuta,no
Cheilanthes adiantoides,no
Cheilanthes fragillima,no
Cheilanthes praetermissa,no
Antrophyum jagoanum,no
Asplenium normale,no
Thelypteris confluens,no
Amphineuron immersum,no
Amphineuron terminans,no
Amphineuron queenslandicum,no
Acacia diaphana,no
Blechnum wurunuran,no
Blechnum whelanii,no
Lastreopsis windsorensis,no
Lastreopsis grayi,no
Lastreopsis rufescens,no
Lastreopsis tinarooensis,no
Oleandra neriiformis,yes
Ctenopteris walleri,no
Calymmodon luerssenianus,no
Isoetes brevicula,no
Isoetes elatior,no
Isoetes australis,no
Lycopodiella limosa,no
Ophioglossum costatum,no
Marsilea latzii,no
Cyathea exilis,no
Cyathea felina,no
Acacia trinalis,no
Acacia comans,no
Acacia obesa,no
Acacia undosa,no
Acacia papulosa,no
Actinotus paddisonii,no
Deyeuxia brachyathera,no
Newcastelia velutina,no
Spermacoce fabiformis,yes
Spermacoce erosa,yes
Solanum ultraspinosum,yes
Solanum lapidosum,yes
Lindernia leucochroa,yes
Olax imbricata,no
Uncaria callophylla,no
Dischidia litoralis,no
Gynochthodes retropila,no
Alyxia grandis,no
Dicliptera spicata,no
Camonea pilosa,no
Marsdenia paludicola,no
Aglaia cooperae,no
Beilschmiedia collina,no
Cryptocarya cocosoides,no
Elaeocarpus sericopetalus,no
Ixora oreogena,no
Elaeocarpus stellaris,no
Beilschmiedia brunnea,no
Sphenostemon lobosporus,no
Casearia grayi,no
Planchonella asterocarpon,no
Litsea connorsii,no
Drypetes acuminata,no
Beilschmiedia volckii,no
Diospyros hemicycloides,no
Endiandra acuminata,yes
Cryptocarya leucophylla,no
Beilschmiedia oligandra,no
Cryptocarya bellendenkerana,no
Acronychia aberrans,no
Baileyoxylon lanceolatum,no
Tarenna monticola,no
Cryptocarya lividula,no
Symplocos hylandii,no
Cryptocarya saccharata,no
Dysoxylum alliaceum,no
Guioa sarcopterifructa,no
Gossia shepherdii,no
Beilschmiedia castrisinensis,no
Planchonella xylocarpa,no
Aglaia spectabilis,no
Pimelodendron amboinicum,no
Steganthera cooperorum,no
Mallotus surculosus,no
Ficus melinocarpa,no
Monoon australe,no
Pleioluma singuliflora,no
Dendrocnide corallodesme,no
Psydrax montigena,no
Ceratopetalum corymbosum,no
Canarium vitiense,no
Cryptocarya putida,no
Syzygium dansiei,no
Cryptocarya glaucocarpa,no
Cryptocarya endiandrifolia,no
Cinnamomum propinquum,no
Endiandra collinsii,no
Cryptocarya brassii,no
Cryptocarya clarksoniana,no
Cryptocarya smaragdina,no
Endiandra grayi,no
Endiandra jonesii,no
Litsea bennettii,no
Rhodamnia hylandii,no
Cryptocarya whiffiniana,no
Cupaniopsis papillosa,no
Tristiropsis acutangula,no
Phyllanthus praelongipes,no
Lepiderema largiflorens,no
Aglaia brassii,no
Ziziphus quadrilocularis,no
Brachychiton xanthophyllus,no
Croton tomentellus,no
Gmelina schlechteri,no
Celtis hildebrandii,no
Synima reynoldsiae,no
Rhysotoechia florulenta,no
Wendlandia urceolata,no
Croton simulans,no
Hollandaea diabolica,no
Sersalisia unmackiana,no
Plectranthus dumicola,no
Croton brachypus,no
Plectranthus spectabilis,no
Malvastrum chillagoense,no
Myrsine maculata,no
Desmodium tenax,no
Blumea milnei,no
Pavetta kimberleyana,no
Callicarpa caudata,no
Solanum dimorphispinum,no
Lepisanthes senegalensis,no
Hemmantia webbii,no
Anacolosa papuana,no
Myrsine rubiginosa,no
Tetrastigma pisicarpum,no
Omphalea papuana,no
Marsdenia tricholepis,no
Salacia erythrocarpa,no
Solanum eminens,no
Solanum fervens,no
Crotalaria mysorensis,no
Secamone lineata,no
Marsdenia jensenii,no
Blumea riparia,no
