scientificName,dataResourceName,basisOfRecord,Match
Achnophora tatei,iNaturalist Australia,HUMAN_OBSERVATION,Yes
Acomis macra,iNaturalist Australia,HUMAN_OBSERVATION,No
Angianthus cunninghamii,iNaturalist Australia,HUMAN_OBSERVATION,No
Angianthus glabratus,iNaturalist Australia,HUMAN_OBSERVATION,Yes
Apowollastonia cylindrica,iNaturalist Australia,HUMAN_OBSERVATION,No
Astrotricha crassifolia,iNaturalist Australia,HUMAN_OBSERVATION,No
Astrotricha roddii,iNaturalist Australia,HUMAN_OBSERVATION,No
Balladonia aervoides,iNaturalist Australia,HUMAN_OBSERVATION,Yes
Blennospora phlegmatocarpa,iNaturalist Australia,HUMAN_OBSERVATION,No
Brachyscome gracilis,iNaturalist Australia,HUMAN_OBSERVATION,No
Brachyscome muelleri,iNaturalist Australia,HUMAN_OBSERVATION,Yes
Brachyscome papillosa,iNaturalist Australia,HUMAN_OBSERVATION,No
Brachyscome smithwhitei,iNaturalist Australia,HUMAN_OBSERVATION,No
Brachyscome tesquorum,iNaturalist Australia,HUMAN_OBSERVATION,No
Brachyscome tetrapterocarpa,iNaturalist Australia,HUMAN_OBSERVATION,No
Brachyscome triloba,iNaturalist Australia,HUMAN_OBSERVATION,No
Bursaria reevesii,iNaturalist Australia,HUMAN_OBSERVATION,No
Calotis glabrescens,iNaturalist Australia,HUMAN_OBSERVATION,Yes
Calotis glandulosa,iNaturalist Australia,HUMAN_OBSERVATION,No
Calotis xanthosioidea,iNaturalist Australia,HUMAN_OBSERVATION,Yes
Cassinia diminuta,iNaturalist Australia,HUMAN_OBSERVATION,No
Cassinia ozothamnoides,iNaturalist Australia,HUMAN_OBSERVATION,No
Celmisia latifolia,iNaturalist Australia,HUMAN_OBSERVATION,No
Chthonocephalus viscosus,iNaturalist Australia,HUMAN_OBSERVATION,No
Coronidium flavum,iNaturalist Australia,HUMAN_OBSERVATION,No
Cratystylis subspinescens,iNaturalist Australia,HUMAN_OBSERVATION,Yes
Cycas semota,iNaturalist Australia,HUMAN_OBSERVATION,No
Cycas terryana,iNaturalist Australia,HUMAN_OBSERVATION,No
Cycas xipholepis,iNaturalist Australia,HUMAN_OBSERVATION,No
Cymbonotus maidenii,iNaturalist Australia,HUMAN_OBSERVATION,Yes
Dampiera carinata,iNaturalist Australia,HUMAN_OBSERVATION,No
Dampiera tephrea,iNaturalist Australia,HUMAN_OBSERVATION,No
Dampiera teres,iNaturalist Australia,HUMAN_OBSERVATION,No
Dampiera tomentosa,iNaturalist Australia,HUMAN_OBSERVATION,No
Dampiera triloba,iNaturalist Australia,HUMAN_OBSERVATION,No
Decazesia hecatocephala,iNaturalist Australia,HUMAN_OBSERVATION,No
Dielitzia tysonii,iNaturalist Australia,HUMAN_OBSERVATION,No
Eriochlamys eremaea,iNaturalist Australia,HUMAN_OBSERVATION,Yes
Eriochlamys squamata,iNaturalist Australia,HUMAN_OBSERVATION,Yes
Erymophyllum ramosum,iNaturalist Australia,HUMAN_OBSERVATION,No
Euchiton lateralis,iNaturalist Australia,HUMAN_OBSERVATION,Yes
Gilruthia osbornei,iNaturalist Australia,HUMAN_OBSERVATION,No
Gingidia harveyana,iNaturalist Australia,HUMAN_OBSERVATION,No
Goodenia centralis,iNaturalist Australia,HUMAN_OBSERVATION,No
Goodenia cirrifica,iNaturalist Australia,HUMAN_OBSERVATION,No
Goodenia crenata,iNaturalist Australia,HUMAN_OBSERVATION,No
Goodenia debilis,iNaturalist Australia,HUMAN_OBSERVATION,No
Goodenia muelleriana,iNaturalist Australia,HUMAN_OBSERVATION,No
Goodenia nocoleche,iNaturalist Australia,HUMAN_OBSERVATION,Yes
Goodenia prostrata,iNaturalist Australia,HUMAN_OBSERVATION,No
Goodenia saccata,iNaturalist Australia,HUMAN_OBSERVATION,No
Goodenia strangfordii,iNaturalist Australia,HUMAN_OBSERVATION,No
Goodenia triodiophila,iNaturalist Australia,HUMAN_OBSERVATION,No
Goodenia vernicosa,iNaturalist Australia,HUMAN_OBSERVATION,No
Iotasperma australiense,iNaturalist Australia,HUMAN_OBSERVATION,No
Lagenophora brachyglossa,iNaturalist Australia,HUMAN_OBSERVATION,No
Launaea sarmentosa,iNaturalist Australia,HUMAN_OBSERVATION,No
Lechenaultia galactites,iNaturalist Australia,HUMAN_OBSERVATION,No
Lechenaultia laricina,iNaturalist Australia,HUMAN_OBSERVATION,No
Lechenaultia stenosepala,iNaturalist Australia,HUMAN_OBSERVATION,No
Levenhookia chippendalei,iNaturalist Australia,HUMAN_OBSERVATION,No
Levenhookia preissii,iNaturalist Australia,HUMAN_OBSERVATION,No
Liparophyllum capitatum,iNaturalist Australia,HUMAN_OBSERVATION,No
Liparophyllum gunnii,iNaturalist Australia,HUMAN_OBSERVATION,No
Lobelia darlingensis,iNaturalist Australia,HUMAN_OBSERVATION,No
Macrozamia concinna,iNaturalist Australia,HUMAN_OBSERVATION,No
Macrozamia cranei,iNaturalist Australia,HUMAN_OBSERVATION,No
Minuria multiseta,iNaturalist Australia,HUMAN_OBSERVATION,No
Motherwellia haplosciadea,iNaturalist Australia,HUMAN_OBSERVATION,No
Myriocephalus pygmaeus,iNaturalist Australia,HUMAN_OBSERVATION,Yes
Nymphoides minima,iNaturalist Australia,HUMAN_OBSERVATION,No
Odixia achlaena,iNaturalist Australia,HUMAN_OBSERVATION,No
Olearia astroloba,iNaturalist Australia,HUMAN_OBSERVATION,No
Olearia eremaea,iNaturalist Australia,HUMAN_OBSERVATION,Yes
Olearia gravis,iNaturalist Australia,HUMAN_OBSERVATION,No
Olearia incana,iNaturalist Australia,HUMAN_OBSERVATION,No
Olearia mooneyi,iNaturalist Australia,HUMAN_OBSERVATION,Yes
Olearia revoluta,iNaturalist Australia,HUMAN_OBSERVATION,Yes
Olearia rosmarinifolia,iNaturalist Australia,HUMAN_OBSERVATION,No
Olearia xerophila,iNaturalist Australia,HUMAN_OBSERVATION,No
Ozothamnus adnatus,iNaturalist Australia,HUMAN_OBSERVATION,No
Ozothamnus ericifolius,iNaturalist Australia,HUMAN_OBSERVATION,No
Ozothamnus floribundus,iNaturalist Australia,HUMAN_OBSERVATION,Yes
Ozothamnus lepidophyllus,iNaturalist Australia,HUMAN_OBSERVATION,No
Parantennaria uniceps,iNaturalist Australia,HUMAN_OBSERVATION,No
Pentalepis trichodesmoides,iNaturalist Australia,HUMAN_OBSERVATION,No
Pithocarpa ramosa,iNaturalist Australia,HUMAN_OBSERVATION,Yes
Pittosporum erioloma,iNaturalist Australia,HUMAN_OBSERVATION,No
Pittosporum trilobum,iNaturalist Australia,HUMAN_OBSERVATION,No
Platysace effusa,iNaturalist Australia,HUMAN_OBSERVATION,No
Platysace maxwellii,iNaturalist Australia,HUMAN_OBSERVATION,Yes
Platysace saxatilis,iNaturalist Australia,HUMAN_OBSERVATION,No
Platysace xerophila,iNaturalist Australia,HUMAN_OBSERVATION,No
Podolepis arachnoidea,iNaturalist Australia,HUMAN_OBSERVATION,No
Podolepis eremaea,iNaturalist Australia,HUMAN_OBSERVATION,No
Polyscias cissodendron,iNaturalist Australia,HUMAN_OBSERVATION,No
Pterocaulon ciliosum,iNaturalist Australia,HUMAN_OBSERVATION,No
Rhodanthe gossypina,iNaturalist Australia,HUMAN_OBSERVATION,Yes
Rhodanthe propinqua,iNaturalist Australia,HUMAN_OBSERVATION,No
Rhodanthe sterilescens,iNaturalist Australia,HUMAN_OBSERVATION,No
Rhytidosporum alpinum,iNaturalist Australia,HUMAN_OBSERVATION,No
Scaevola amblyanthera,iNaturalist Australia,HUMAN_OBSERVATION,No
Scaevola pilosa,iNaturalist Australia,HUMAN_OBSERVATION,No
Scaevola tomentosa,iNaturalist Australia,HUMAN_OBSERVATION,No
Senecio behrianus,iNaturalist Australia,HUMAN_OBSERVATION,No
Senecio gawlerensis,iNaturalist Australia,HUMAN_OBSERVATION,Yes
Senecio lageniformis,iNaturalist Australia,HUMAN_OBSERVATION,No
Senecio lanibracteus,iNaturalist Australia,HUMAN_OBSERVATION,No
Senecio longicollaris,iNaturalist Australia,HUMAN_OBSERVATION,Yes
Senecio tuberculatus,iNaturalist Australia,HUMAN_OBSERVATION,Yes
Sphaeromorphaea littoralis,iNaturalist Australia,HUMAN_OBSERVATION,No
Streptoglossa odora,iNaturalist Australia,HUMAN_OBSERVATION,No
Stylidium alsinoides,iNaturalist Australia,HUMAN_OBSERVATION,No
Stylidium angustifolium,iNaturalist Australia,HUMAN_OBSERVATION,No
Stylidium austrocapense,iNaturalist Australia,HUMAN_OBSERVATION,No
Stylidium carlquistii,iNaturalist Australia,HUMAN_OBSERVATION,No
Stylidium decipiens,iNaturalist Australia,HUMAN_OBSERVATION,No
Stylidium desertorum,iNaturalist Australia,HUMAN_OBSERVATION,No
Stylidium diademum,iNaturalist Australia,HUMAN_OBSERVATION,Yes
Stylidium diffusum,iNaturalist Australia,HUMAN_OBSERVATION,No
Stylidium dispermum,iNaturalist Australia,HUMAN_OBSERVATION,Yes
Stylidium drummondianum,iNaturalist Australia,HUMAN_OBSERVATION,No
Stylidium edentatum,iNaturalist Australia,HUMAN_OBSERVATION,No
Stylidium elachophyllum,iNaturalist Australia,HUMAN_OBSERVATION,No
Stylidium ericksoniae,iNaturalist Australia,HUMAN_OBSERVATION,No
Stylidium floribundum,iNaturalist Australia,HUMAN_OBSERVATION,No
Stylidium gloeophyllum,iNaturalist Australia,HUMAN_OBSERVATION,No
Stylidium hesperium,iNaturalist Australia,HUMAN_OBSERVATION,No
Stylidium imbricatum,iNaturalist Australia,HUMAN_OBSERVATION,No
Stylidium inaequipetalum,iNaturalist Australia,HUMAN_OBSERVATION,No
Stylidium limbatum,iNaturalist Australia,HUMAN_OBSERVATION,No
Stylidium longibracteatum,iNaturalist Australia,HUMAN_OBSERVATION,No
Stylidium maitlandianum,iNaturalist Australia,HUMAN_OBSERVATION,No
Stylidium megacarpum,iNaturalist Australia,HUMAN_OBSERVATION,No
Stylidium nitidum,iNaturalist Australia,HUMAN_OBSERVATION,Yes
Stylidium oreophilum,iNaturalist Australia,HUMAN_OBSERVATION,Yes
Stylidium paludicola,iNaturalist Australia,HUMAN_OBSERVATION,No
Stylidium perula,iNaturalist Australia,HUMAN_OBSERVATION,No
Stylidium planirosula,iNaturalist Australia,HUMAN_OBSERVATION,Yes
Stylidium pubigerum,iNaturalist Australia,HUMAN_OBSERVATION,No
Stylidium purpureum,iNaturalist Australia,HUMAN_OBSERVATION,No
Stylidium rhipidium,iNaturalist Australia,HUMAN_OBSERVATION,Yes
Stylidium septentrionale,iNaturalist Australia,HUMAN_OBSERVATION,No
Stylidium stenosepalum,iNaturalist Australia,HUMAN_OBSERVATION,No
Taplinia saxatilis,iNaturalist Australia,HUMAN_OBSERVATION,Yes
Thiseltonia gracillima,iNaturalist Australia,HUMAN_OBSERVATION,Yes
Trachymene ceratocarpa,iNaturalist Australia,HUMAN_OBSERVATION,No
Trachymene dendrothrix,iNaturalist Australia,HUMAN_OBSERVATION,Yes
Trachymene microcephala,iNaturalist Australia,HUMAN_OBSERVATION,No
Vittadinia humerata,iNaturalist Australia,HUMAN_OBSERVATION,Yes
Vittadinia obovata,iNaturalist Australia,HUMAN_OBSERVATION,No
Wahlenbergia caryophylloides,iNaturalist Australia,HUMAN_OBSERVATION,No
Xerochrysum bicolor,iNaturalist Australia,HUMAN_OBSERVATION,No
Xerochrysum interiore,iNaturalist Australia,HUMAN_OBSERVATION,No
Alyxia grandis,iNaturalist Australia,HUMAN_OBSERVATION,No
Anisomeles carpentarica,iNaturalist Australia,HUMAN_OBSERVATION,No
Anisomeles grandibractea,iNaturalist Australia,HUMAN_OBSERVATION,No
Asperula geminifolia,iNaturalist Australia,HUMAN_OBSERVATION,No
Byblis pilbarana,iNaturalist Australia,HUMAN_OBSERVATION,No
Ceropegia cumingiana,iNaturalist Australia,HUMAN_OBSERVATION,No
Coelospermum dasylobum,iNaturalist Australia,HUMAN_OBSERVATION,No
Conostephium minus,iNaturalist Australia,HUMAN_OBSERVATION,No
Conostephium preissii,iNaturalist Australia,HUMAN_OBSERVATION,No
Coprosma lanceolaris,iNaturalist Australia,HUMAN_OBSERVATION,Yes
Coprosma nivalis,iNaturalist Australia,HUMAN_OBSERVATION,No
Coprosma putida,iNaturalist Australia,HUMAN_OBSERVATION,No
Cyclophyllum schultzii,iNaturalist Australia,HUMAN_OBSERVATION,No
Cynanchum brevipedicellatum,iNaturalist Australia,HUMAN_OBSERVATION,No
Dicrastylis beveridgei,iNaturalist Australia,HUMAN_OBSERVATION,No
Dicrastylis globiflora,iNaturalist Australia,HUMAN_OBSERVATION,No
Dielsiodoxa lycopodioides,iNaturalist Australia,HUMAN_OBSERVATION,No
Dielsiodoxa tamariscina,iNaturalist Australia,HUMAN_OBSERVATION,Yes
Diospyros mabacea,iNaturalist Australia,HUMAN_OBSERVATION,No
Dolichandrone heterophylla,iNaturalist Australia,HUMAN_OBSERVATION,No
Durringtonia paludosa,iNaturalist Australia,HUMAN_OBSERVATION,No
Embelia caulialata,iNaturalist Australia,HUMAN_OBSERVATION,No
Epacris mucronulata,iNaturalist Australia,HUMAN_OBSERVATION,No
Eremosyne pectinata,iNaturalist Australia,HUMAN_OBSERVATION,No
Galium densum,iNaturalist Australia,HUMAN_OBSERVATION,No
Gardenia fucata,iNaturalist Australia,HUMAN_OBSERVATION,No
Geniostoma petiolosum,iNaturalist Australia,HUMAN_OBSERVATION,Yes
Glossocarya calcicola,iNaturalist Australia,HUMAN_OBSERVATION,No
Heliotropium ammophilum,iNaturalist Australia,HUMAN_OBSERVATION,No
Hemigenia macrantha,iNaturalist Australia,HUMAN_OBSERVATION,No
Hemigenia scabra,iNaturalist Australia,HUMAN_OBSERVATION,No
Hygrophila angustifolia,iNaturalist Australia,HUMAN_OBSERVATION,No
Lachnostachys ferruginea,iNaturalist Australia,HUMAN_OBSERVATION,No
Leucas decemdentata,iNaturalist Australia,HUMAN_OBSERVATION,No
Leucopogon cuspidatus,iNaturalist Australia,HUMAN_OBSERVATION,No
Leucopogon darlingensis,iNaturalist Australia,HUMAN_OBSERVATION,No
Leucopogon distans,iNaturalist Australia,HUMAN_OBSERVATION,No
Leucopogon inflexus,iNaturalist Australia,HUMAN_OBSERVATION,Yes
Leucopogon oldfieldii,iNaturalist Australia,HUMAN_OBSERVATION,No
Leucopogon plumuliflorus,iNaturalist Australia,HUMAN_OBSERVATION,No
Leucopogon sprengelioides,iNaturalist Australia,HUMAN_OBSERVATION,No
Lissanthe powelliae,iNaturalist Australia,HUMAN_OBSERVATION,No
Logania fasciculata,iNaturalist Australia,HUMAN_OBSERVATION,No
Logania granitica,iNaturalist Australia,HUMAN_OBSERVATION,No
Logania litoralis,iNaturalist Australia,HUMAN_OBSERVATION,Yes
Maesa haplobotrys,iNaturalist Australia,HUMAN_OBSERVATION,No
Microcorys capitata,iNaturalist Australia,HUMAN_OBSERVATION,No
Microcorys exserta,iNaturalist Australia,HUMAN_OBSERVATION,No
Mitrasacme subvolubilis,iNaturalist Australia,HUMAN_OBSERVATION,No
Monotoca ledifolia,iNaturalist Australia,HUMAN_OBSERVATION,No
Muniria quadrangulata,iNaturalist Australia,HUMAN_OBSERVATION,Yes
Myrsine mccomishii,iNaturalist Australia,HUMAN_OBSERVATION,Yes
Myrsine myrtillina,iNaturalist Australia,HUMAN_OBSERVATION,Yes
Myrsine platystigma,iNaturalist Australia,HUMAN_OBSERVATION,No
Myrsine serpenticola,iNaturalist Australia,HUMAN_OBSERVATION,Yes
Myrsine smithii,iNaturalist Australia,HUMAN_OBSERVATION,No
Newcastelia cephalantha,iNaturalist Australia,HUMAN_OBSERVATION,No
Newcastelia hexarrhena,iNaturalist Australia,HUMAN_OBSERVATION,No
Ocimum caryophyllinum,iNaturalist Australia,HUMAN_OBSERVATION,No
Opercularia volubilis,iNaturalist Australia,HUMAN_OBSERVATION,No
Parsonsia bartlensis,iNaturalist Australia,HUMAN_OBSERVATION,No
Parsonsia dorrigoensis,iNaturalist Australia,HUMAN_OBSERVATION,Yes
Parsonsia lenticellata,iNaturalist Australia,HUMAN_OBSERVATION,No
Pavetta granitica,iNaturalist Australia,HUMAN_OBSERVATION,No
Phyllangium distylis,iNaturalist Australia,HUMAN_OBSERVATION,No
Phyllangium paradoxum,iNaturalist Australia,HUMAN_OBSERVATION,No
Physopsis lachnostachya,iNaturalist Australia,HUMAN_OBSERVATION,No
Physopsis spicata,iNaturalist Australia,HUMAN_OBSERVATION,No
Pityrodia chrysocalyx,iNaturalist Australia,HUMAN_OBSERVATION,No
Pityrodia lepidota,iNaturalist Australia,HUMAN_OBSERVATION,No
Planchonella pubescens,iNaturalist Australia,HUMAN_OBSERVATION,No
Planchonia rupestris,iNaturalist Australia,HUMAN_OBSERVATION,No
Prostanthera florifera,iNaturalist Australia,HUMAN_OBSERVATION,No
Prostanthera junonis,iNaturalist Australia,HUMAN_OBSERVATION,No
Prostanthera patens,iNaturalist Australia,HUMAN_OBSERVATION,Yes
Prostanthera schultzii,iNaturalist Australia,HUMAN_OBSERVATION,No
Psychotria carronis,iNaturalist Australia,HUMAN_OBSERVATION,No
Psydrax johnsonii,iNaturalist Australia,HUMAN_OBSERVATION,Yes
Psydrax saligna,iNaturalist Australia,HUMAN_OBSERVATION,No
Salvia plebeia,iNaturalist Australia,HUMAN_OBSERVATION,No
Spermacoce papuana,iNaturalist Australia,HUMAN_OBSERVATION,Yes
Spermacoce stenophylla,iNaturalist Australia,HUMAN_OBSERVATION,No
Sprengelia distichophylla,iNaturalist Australia,HUMAN_OBSERVATION,No
Sprengelia minima,iNaturalist Australia,HUMAN_OBSERVATION,No
Stylidium udusicola,iNaturalist Australia,HUMAN_OBSERVATION,No
Stylidium warriedarense,iNaturalist Australia,HUMAN_OBSERVATION,No
Stylidium zeicolor,iNaturalist Australia,HUMAN_OBSERVATION,No
Styphelia angustifolia,iNaturalist Australia,HUMAN_OBSERVATION,No
Styphelia melaleucoides,iNaturalist Australia,HUMAN_OBSERVATION,Yes
Teucrium teucriiflorum,iNaturalist Australia,HUMAN_OBSERVATION,No
Utricularia blackmanii,iNaturalist Australia,HUMAN_OBSERVATION,No
Vincetoxicum cinerascens,iNaturalist Australia,HUMAN_OBSERVATION,Yes
Vincetoxicum forsteri,iNaturalist Australia,HUMAN_OBSERVATION,No
Vincetoxicum williamsii,iNaturalist Australia,HUMAN_OBSERVATION,No
Vitex acuminata,iNaturalist Australia,HUMAN_OBSERVATION,No
Xerothamnella herbacea,iNaturalist Australia,HUMAN_OBSERVATION,No
Alternanthera nodiflora,iNaturalist Australia,HUMAN_OBSERVATION,No
Althenia bilocularis,iNaturalist Australia,HUMAN_OBSERVATION,Yes
Amaranthus clementii,iNaturalist Australia,HUMAN_OBSERVATION,No
Amaranthus undulatus,iNaturalist Australia,HUMAN_OBSERVATION,No
Arthropodium curvipes,iNaturalist Australia,HUMAN_OBSERVATION,No
Atriplex codonocarpa,iNaturalist Australia,HUMAN_OBSERVATION,No
Atriplex obconica,iNaturalist Australia,HUMAN_OBSERVATION,Yes
Atriplex quinii,iNaturalist Australia,HUMAN_OBSERVATION,No
Atriplex spinibractea,iNaturalist Australia,HUMAN_OBSERVATION,No
Boerhavia repens,iNaturalist Australia,HUMAN_OBSERVATION,No
Bonamia dietrichiana,iNaturalist Australia,HUMAN_OBSERVATION,No
Bonamia longipilosa,iNaturalist Australia,HUMAN_OBSERVATION,Yes
Calandrinia corrigioloides,iNaturalist Australia,HUMAN_OBSERVATION,No
Calandrinia pleiopetala,iNaturalist Australia,HUMAN_OBSERVATION,No
Cassytha aurea,iNaturalist Australia,HUMAN_OBSERVATION,No
Cassytha capillaris,iNaturalist Australia,HUMAN_OBSERVATION,No
Cassytha rufa,iNaturalist Australia,HUMAN_OBSERVATION,No
Chamaescilla versicolor,iNaturalist Australia,HUMAN_OBSERVATION,No
Chenopodium gaudichaudianum,iNaturalist Australia,HUMAN_OBSERVATION,Yes
Chionanthus quadristamineus,iNaturalist Australia,HUMAN_OBSERVATION,Yes
Cryptocarya clarksoniana,iNaturalist Australia,HUMAN_OBSERVATION,Yes
Cryptocarya dorrigoensis,iNaturalist Australia,HUMAN_OBSERVATION,No
Cryptocarya grandis,iNaturalist Australia,HUMAN_OBSERVATION,No
Cryptocarya gregsonii,iNaturalist Australia,HUMAN_OBSERVATION,No
Cuscuta australis,iNaturalist Australia,HUMAN_OBSERVATION,No
Cyphanthera microphylla,iNaturalist Australia,HUMAN_OBSERVATION,No
Didymanthus roei,iNaturalist Australia,HUMAN_OBSERVATION,No
Drosera bindoon,iNaturalist Australia,HUMAN_OBSERVATION,No
Drosera citrina,iNaturalist Australia,HUMAN_OBSERVATION,No
Drosera closterostigma,iNaturalist Australia,HUMAN_OBSERVATION,No
Drosera derbyensis,iNaturalist Australia,HUMAN_OBSERVATION,No
Drosera echinoblastus,iNaturalist Australia,HUMAN_OBSERVATION,No
Drosera geniculata,iNaturalist Australia,HUMAN_OBSERVATION,No
Drosera graniticola,iNaturalist Australia,HUMAN_OBSERVATION,No
Drosera grievei,iNaturalist Australia,HUMAN_OBSERVATION,No
Drosera helodes,iNaturalist Australia,HUMAN_OBSERVATION,No
Drosera indumenta,iNaturalist Australia,HUMAN_OBSERVATION,Yes
Drosera leucostigma,iNaturalist Australia,HUMAN_OBSERVATION,No
Drosera nivea,iNaturalist Australia,HUMAN_OBSERVATION,No
Drosera omissa,iNaturalist Australia,HUMAN_OBSERVATION,No
Drosera pycnoblasta,iNaturalist Australia,HUMAN_OBSERVATION,No
Drosera radicans,iNaturalist Australia,HUMAN_OBSERVATION,No
Drosera salina,iNaturalist Australia,HUMAN_OBSERVATION,Yes
Drosera zigzagia,iNaturalist Australia,HUMAN_OBSERVATION,Yes
Dysphania valida,iNaturalist Australia,HUMAN_OBSERVATION,No
Enhalus acoroides,iNaturalist Australia,HUMAN_OBSERVATION,Yes
Eremophila acrida,iNaturalist Australia,HUMAN_OBSERVATION,No
Eremophila battii,iNaturalist Australia,HUMAN_OBSERVATION,No
Eremophila behriana,iNaturalist Australia,HUMAN_OBSERVATION,No
Eremophila brevifolia,iNaturalist Australia,HUMAN_OBSERVATION,No
Eremophila caperata,iNaturalist Australia,HUMAN_OBSERVATION,No
Eremophila citrina,iNaturalist Australia,HUMAN_OBSERVATION,No
Eremophila enata,iNaturalist Australia,HUMAN_OBSERVATION,No
Eremophila falcata,iNaturalist Australia,HUMAN_OBSERVATION,No
Eremophila foliosissima,iNaturalist Australia,HUMAN_OBSERVATION,No
Eremophila galeata,iNaturalist Australia,HUMAN_OBSERVATION,No
Eremophila gibbosa,iNaturalist Australia,HUMAN_OBSERVATION,No
Eremophila glutinosa,iNaturalist Australia,HUMAN_OBSERVATION,No
Eremophila homoplastica,iNaturalist Australia,HUMAN_OBSERVATION,No
Eremophila hughesii,iNaturalist Australia,HUMAN_OBSERVATION,No
Eremophila incisa,iNaturalist Australia,HUMAN_OBSERVATION,No
Eremophila jucunda,iNaturalist Australia,HUMAN_OBSERVATION,No
Eremophila linearis,iNaturalist Australia,HUMAN_OBSERVATION,No
Eremophila macmillaniana,iNaturalist Australia,HUMAN_OBSERVATION,No
Eremophila maitlandii,iNaturalist Australia,HUMAN_OBSERVATION,No
Eremophila malacoides,iNaturalist Australia,HUMAN_OBSERVATION,No
Eremophila margarethae,iNaturalist Australia,HUMAN_OBSERVATION,No
Eremophila obovata,iNaturalist Australia,HUMAN_OBSERVATION,No
Eremophila parvifolia,iNaturalist Australia,HUMAN_OBSERVATION,No
Eremophila phillipsii,iNaturalist Australia,HUMAN_OBSERVATION,No
Eremophila platythamnos,iNaturalist Australia,HUMAN_OBSERVATION,No
Eremophila praecox,iNaturalist Australia,HUMAN_OBSERVATION,No
Eremophila punctata,iNaturalist Australia,HUMAN_OBSERVATION,No
Eremophila pustulata,iNaturalist Australia,HUMAN_OBSERVATION,No
Eremophila rugosa,iNaturalist Australia,HUMAN_OBSERVATION,No
Eremophila spectabilis,iNaturalist Australia,HUMAN_OBSERVATION,No
Eremophila spinescens,iNaturalist Australia,HUMAN_OBSERVATION,No
Eremophila strongylophylla,iNaturalist Australia,HUMAN_OBSERVATION,No
Eremophila subangustifolia,iNaturalist Australia,HUMAN_OBSERVATION,Yes
Euphrasia semipicta,iNaturalist Australia,HUMAN_OBSERVATION,No
Frankenia ambita,iNaturalist Australia,HUMAN_OBSERVATION,No
Frankenia cupularis,iNaturalist Australia,HUMAN_OBSERVATION,No
Frankenia hispidula,iNaturalist Australia,HUMAN_OBSERVATION,No
Glossostigma diandrum,iNaturalist Australia,HUMAN_OBSERVATION,No
Glossostigma drummondii,iNaturalist Australia,HUMAN_OBSERVATION,No
Gomphrena conica,iNaturalist Australia,HUMAN_OBSERVATION,Yes
Gomphrena connata,iNaturalist Australia,HUMAN_OBSERVATION,No
Gomphrena humilis,iNaturalist Australia,HUMAN_OBSERVATION,No
Gomphrena leontopodioides,iNaturalist Australia,HUMAN_OBSERVATION,Yes
Gomphrena parviflora,iNaturalist Australia,HUMAN_OBSERVATION,No
Gomphrena tenella,iNaturalist Australia,HUMAN_OBSERVATION,Yes
Gunniopsis divisa,iNaturalist Australia,HUMAN_OBSERVATION,Yes
Gunniopsis intermedia,iNaturalist Australia,HUMAN_OBSERVATION,No
Gunniopsis propinqua,iNaturalist Australia,HUMAN_OBSERVATION,Yes
Gunniopsis rodwayi,iNaturalist Australia,HUMAN_OBSERVATION,No
Ipomoea gracilis,iNaturalist Australia,HUMAN_OBSERVATION,No
Ipomoea littoralis,iNaturalist Australia,HUMAN_OBSERVATION,No
Jacquemontia pannosa,iNaturalist Australia,HUMAN_OBSERVATION,No
Jasminum dallachii,iNaturalist Australia,HUMAN_OBSERVATION,No
Jasminum suavissimum,iNaturalist Australia,HUMAN_OBSERVATION,No
Josephinia eugeniae,iNaturalist Australia,HUMAN_OBSERVATION,No
Levieria acuminata,iNaturalist Australia,HUMAN_OBSERVATION,No
Ligustrum australianum,iNaturalist Australia,HUMAN_OBSERVATION,No
Limosella curdieana,iNaturalist Australia,HUMAN_OBSERVATION,No
Lindernia thyridostoma,iNaturalist Australia,HUMAN_OBSERVATION,Yes
Livistona eastonii,iNaturalist Australia,HUMAN_OBSERVATION,No
Livistona nasmophila,iNaturalist Australia,HUMAN_OBSERVATION,No
Macarthuria complanata,iNaturalist Australia,HUMAN_OBSERVATION,Yes
Maireana cheelii,iNaturalist Australia,HUMAN_OBSERVATION,No
Maireana dichoptera,iNaturalist Australia,HUMAN_OBSERVATION,Yes
Maireana eriosphaera,iNaturalist Australia,HUMAN_OBSERVATION,Yes
Maireana integra,iNaturalist Australia,HUMAN_OBSERVATION,No
Maireana platycarpa,iNaturalist Australia,HUMAN_OBSERVATION,No
Maireana schistocarpa,iNaturalist Australia,HUMAN_OBSERVATION,No
Muehlenbeckia tuggeranong,iNaturalist Australia,HUMAN_OBSERVATION,No
Nicotiana benthamiana,iNaturalist Australia,HUMAN_OBSERVATION,No
Nicotiana gascoynica,iNaturalist Australia,HUMAN_OBSERVATION,Yes
Nicotiana heterantha,iNaturalist Australia,HUMAN_OBSERVATION,No
Nicotiana simulans,iNaturalist Australia,HUMAN_OBSERVATION,No
Omegandra kanisii,iNaturalist Australia,HUMAN_OBSERVATION,Yes
Operculina turpethum,iNaturalist Australia,HUMAN_OBSERVATION,No
Osteocarpum pentapterum,iNaturalist Australia,HUMAN_OBSERVATION,Yes
Plantago daltonii,iNaturalist Australia,HUMAN_OBSERVATION,No
Polycarpaea breviflora,iNaturalist Australia,HUMAN_OBSERVATION,No
Polymeria ambigua,iNaturalist Australia,HUMAN_OBSERVATION,No
Polymeria longifolia,iNaturalist Australia,HUMAN_OBSERVATION,No
Polymeria marginata,iNaturalist Australia,HUMAN_OBSERVATION,No
Portulaca digyna,iNaturalist Australia,HUMAN_OBSERVATION,No
Ptilotus actinocladus,iNaturalist Australia,HUMAN_OBSERVATION,Yes
Ptilotus albidus,iNaturalist Australia,HUMAN_OBSERVATION,No
Ptilotus clivicola,iNaturalist Australia,HUMAN_OBSERVATION,No
Ptilotus halophilus,iNaturalist Australia,HUMAN_OBSERVATION,No
Ptilotus kenneallyanus,iNaturalist Australia,HUMAN_OBSERVATION,No
Ptilotus luteolus,iNaturalist Australia,HUMAN_OBSERVATION,No
Ptilotus propinquus,iNaturalist Australia,HUMAN_OBSERVATION,Yes
Ptilotus symonii,iNaturalist Australia,HUMAN_OBSERVATION,No
Rhamphicarpa australiensis,iNaturalist Australia,HUMAN_OBSERVATION,No
Scleranthus fasciculatus,iNaturalist Australia,HUMAN_OBSERVATION,No
Sclerolaena anisacanthoides,iNaturalist Australia,HUMAN_OBSERVATION,No
Sclerolaena articulata,iNaturalist Australia,HUMAN_OBSERVATION,Yes
Sclerolaena blackiana,iNaturalist Australia,HUMAN_OBSERVATION,Yes
Sclerolaena constricta,iNaturalist Australia,HUMAN_OBSERVATION,No
Sclerolaena medicaginoides,iNaturalist Australia,HUMAN_OBSERVATION,Yes
Solanum ashbyae,iNaturalist Australia,HUMAN_OBSERVATION,No
Solanum austropiceum,iNaturalist Australia,HUMAN_OBSERVATION,Yes
Solanum beaugleholei,iNaturalist Australia,HUMAN_OBSERVATION,No
Solanum capsiciforme,iNaturalist Australia,HUMAN_OBSERVATION,Yes
Solanum crassitomentosum,iNaturalist Australia,HUMAN_OBSERVATION,No
Solanum crebrispinum,iNaturalist Australia,HUMAN_OBSERVATION,Yes
Solanum eardleyae,iNaturalist Australia,HUMAN_OBSERVATION,No
Solanum horridum,iNaturalist Australia,HUMAN_OBSERVATION,Yes
Solanum hystrix,iNaturalist Australia,HUMAN_OBSERVATION,No
Solanum intonsum,iNaturalist Australia,HUMAN_OBSERVATION,No
Solanum kentrocaule,iNaturalist Australia,HUMAN_OBSERVATION,Yes
Solanum lachnophyllum,iNaturalist Australia,HUMAN_OBSERVATION,No
Solanum latens,iNaturalist Australia,HUMAN_OBSERVATION,Yes
Solanum magnifolium,iNaturalist Australia,HUMAN_OBSERVATION,No
Solanum oldfieldii,iNaturalist Australia,HUMAN_OBSERVATION,No
Solanum oligandrum,iNaturalist Australia,HUMAN_OBSERVATION,No
Solanum piceum,iNaturalist Australia,HUMAN_OBSERVATION,Yes
Solanum senticosum,iNaturalist Australia,HUMAN_OBSERVATION,Yes
Solanum succosum,iNaturalist Australia,HUMAN_OBSERVATION,No
Striga parviflora,iNaturalist Australia,HUMAN_OBSERVATION,No
Surreya mesembryanthema,iNaturalist Australia,HUMAN_OBSERVATION,No
Tetragonia diptera,iNaturalist Australia,HUMAN_OBSERVATION,Yes
Trianthema patellitectum,iNaturalist Australia,HUMAN_OBSERVATION,No
Triglochin hexagona,iNaturalist Australia,HUMAN_OBSERVATION,No
Triglochin minutissima,iNaturalist Australia,HUMAN_OBSERVATION,No
Utricularia petertaylorii,iNaturalist Australia,HUMAN_OBSERVATION,No
Utricularia terrae-reginae,iNaturalist Australia,HUMAN_OBSERVATION,Yes
Veronica parnkalliana,iNaturalist Australia,HUMAN_OBSERVATION,Yes
Wilkiea smithii,iNaturalist Australia,HUMAN_OBSERVATION,No
Acianthus apprimus,iNaturalist Australia,HUMAN_OBSERVATION,No
Baxteria australis,iNaturalist Australia,HUMAN_OBSERVATION,No
Bulbine pendula,iNaturalist Australia,HUMAN_OBSERVATION,No
Bulbophyllum bowkettiae,iNaturalist Australia,HUMAN_OBSERVATION,No
Caesia chlorantha,iNaturalist Australia,HUMAN_OBSERVATION,No
Caladenia amnicola,iNaturalist Australia,HUMAN_OBSERVATION,No
Caladenia bruniella,iNaturalist Australia,HUMAN_OBSERVATION,No
Caladenia campestris,iNaturalist Australia,HUMAN_OBSERVATION,Yes
Caladenia coactilis,iNaturalist Australia,HUMAN_OBSERVATION,Yes
Caladenia cristata,iNaturalist Australia,HUMAN_OBSERVATION,No
Caladenia douglasiorum,iNaturalist Australia,HUMAN_OBSERVATION,No
Caladenia elegans,iNaturalist Australia,HUMAN_OBSERVATION,No
Caladenia flindersica,iNaturalist Australia,HUMAN_OBSERVATION,No
Caladenia fuliginosa,iNaturalist Australia,HUMAN_OBSERVATION,No
Caladenia interanea,iNaturalist Australia,HUMAN_OBSERVATION,No
Caladenia interjacens,iNaturalist Australia,HUMAN_OBSERVATION,No
Caladenia postea,iNaturalist Australia,HUMAN_OBSERVATION,No
Caladenia rileyi,iNaturalist Australia,HUMAN_OBSERVATION,No
Caladenia sanguinea,iNaturalist Australia,HUMAN_OBSERVATION,No
Caladenia williamsiae,iNaturalist Australia,HUMAN_OBSERVATION,No
Caladenia zephyra,iNaturalist Australia,HUMAN_OBSERVATION,No
Caleana dixonii,iNaturalist Australia,HUMAN_OBSERVATION,No
Caleana gracilicordata,iNaturalist Australia,HUMAN_OBSERVATION,No
Caleana granitica,iNaturalist Australia,HUMAN_OBSERVATION,No
Calectasia hispida,iNaturalist Australia,HUMAN_OBSERVATION,No
Calochilus pruinosus,iNaturalist Australia,HUMAN_OBSERVATION,No
Carex archeri,iNaturalist Australia,HUMAN_OBSERVATION,No
Carex brownii,iNaturalist Australia,HUMAN_OBSERVATION,No
Carex indica,iNaturalist Australia,HUMAN_OBSERVATION,Yes
Carex thecata,iNaturalist Australia,HUMAN_OBSERVATION,Yes
Chamaexeros longicaulis,iNaturalist Australia,HUMAN_OBSERVATION,No
Commelina tricarinata,iNaturalist Australia,HUMAN_OBSERVATION,Yes
Conostylis angustifolia,iNaturalist Australia,HUMAN_OBSERVATION,No
Conostylis canteriata,iNaturalist Australia,HUMAN_OBSERVATION,No
Conostylis seminuda,iNaturalist Australia,HUMAN_OBSERVATION,Yes
Conostylis stylidioides,iNaturalist Australia,HUMAN_OBSERVATION,No
Cyperus alterniflorus,iNaturalist Australia,HUMAN_OBSERVATION,No
Cyperus bulbosus,iNaturalist Australia,HUMAN_OBSERVATION,No
Cyperus decompositus,iNaturalist Australia,HUMAN_OBSERVATION,No
Cyperus distans,iNaturalist Australia,HUMAN_OBSERVATION,No
Cyperus holoschoenus,iNaturalist Australia,HUMAN_OBSERVATION,No
Cyperus lhotskyanus,iNaturalist Australia,HUMAN_OBSERVATION,No
Cyperus macrostachyos,iNaturalist Australia,HUMAN_OBSERVATION,Yes
Cyperus rigidellus,iNaturalist Australia,HUMAN_OBSERVATION,No
Cyperus secubans,iNaturalist Australia,HUMAN_OBSERVATION,Yes
Dasypogon obliquifolius,iNaturalist Australia,HUMAN_OBSERVATION,No
Dendrobium carrii,iNaturalist Australia,HUMAN_OBSERVATION,No
Dendrobium foelschei,iNaturalist Australia,HUMAN_OBSERVATION,No
Dendrobium lobbii,iNaturalist Australia,HUMAN_OBSERVATION,Yes
Dendrobium melaleucaphilum,iNaturalist Australia,HUMAN_OBSERVATION,No
Dianella pavopennacea,iNaturalist Australia,HUMAN_OBSERVATION,Yes
Dioscorea alata,iNaturalist Australia,HUMAN_OBSERVATION,No
Diplocaulobium glabrum,iNaturalist Australia,HUMAN_OBSERVATION,No
Dipodium atropurpureum,iNaturalist Australia,HUMAN_OBSERVATION,No
Diuris brockmanii,iNaturalist Australia,HUMAN_OBSERVATION,No
Diuris carecta,iNaturalist Australia,HUMAN_OBSERVATION,Yes
Diuris fragrantissima,iNaturalist Australia,HUMAN_OBSERVATION,No
Diuris fucosa,iNaturalist Australia,HUMAN_OBSERVATION,No
Diuris heberlei,iNaturalist Australia,HUMAN_OBSERVATION,No
Diuris micrantha,iNaturalist Australia,HUMAN_OBSERVATION,No
Diuris ochroma,iNaturalist Australia,HUMAN_OBSERVATION,No
Diuris striata,iNaturalist Australia,HUMAN_OBSERVATION,Yes
Dockrillia dolichophylla,iNaturalist Australia,HUMAN_OBSERVATION,No
Dockrillia fairfaxii,iNaturalist Australia,HUMAN_OBSERVATION,No
Dockrillia nugentii,iNaturalist Australia,HUMAN_OBSERVATION,No
Dockrillia racemosa,iNaturalist Australia,HUMAN_OBSERVATION,No
Eleocharis atricha,iNaturalist Australia,HUMAN_OBSERVATION,No
Eleocharis blakeana,iNaturalist Australia,HUMAN_OBSERVATION,No
Eleocharis dietrichiana,iNaturalist Australia,HUMAN_OBSERVATION,No
Eleocharis gracilis,iNaturalist Australia,HUMAN_OBSERVATION,No
Eriochilus valens,iNaturalist Australia,HUMAN_OBSERVATION,No
Eulophia zollingeri,iNaturalist Australia,HUMAN_OBSERVATION,Yes
Fimbristylis acuminata,iNaturalist Australia,HUMAN_OBSERVATION,No
Fimbristylis depauperata,iNaturalist Australia,HUMAN_OBSERVATION,No
Fimbristylis dolera,iNaturalist Australia,HUMAN_OBSERVATION,Yes
Fimbristylis quinquangularis,iNaturalist Australia,HUMAN_OBSERVATION,Yes
Fimbristylis simplex,iNaturalist Australia,HUMAN_OBSERVATION,No
Fimbristylis squarrulosa,iNaturalist Australia,HUMAN_OBSERVATION,Yes
Fimbristylis tetragona,iNaturalist Australia,HUMAN_OBSERVATION,No
Gahnia australis,iNaturalist Australia,HUMAN_OBSERVATION,No
Geosiris australiensis,iNaturalist Australia,HUMAN_OBSERVATION,No
Haemodorum simulans,iNaturalist Australia,HUMAN_OBSERVATION,No
Isolepis australiensis,iNaturalist Australia,HUMAN_OBSERVATION,No
Isolepis congrua,iNaturalist Australia,HUMAN_OBSERVATION,No
Johnsonia inconspicua,iNaturalist Australia,HUMAN_OBSERVATION,Yes
Laxmannia minor,iNaturalist Australia,HUMAN_OBSERVATION,No
Lepidosperma gracile,iNaturalist Australia,HUMAN_OBSERVATION,No
Lepidosperma leptostachyum,iNaturalist Australia,HUMAN_OBSERVATION,Yes
Lepidosperma monticola,iNaturalist Australia,HUMAN_OBSERVATION,Yes
Liparis fleckeri,iNaturalist Australia,HUMAN_OBSERVATION,No
Lomandra rupestris,iNaturalist Australia,HUMAN_OBSERVATION,Yes
Lomandra sonderi,iNaturalist Australia,HUMAN_OBSERVATION,Yes
Mesomelaena preissii,iNaturalist Australia,HUMAN_OBSERVATION,No
Microtis eremicola,iNaturalist Australia,HUMAN_OBSERVATION,No
Microtis gracilenta,iNaturalist Australia,HUMAN_OBSERVATION,Yes
Microtis quadrata,iNaturalist Australia,HUMAN_OBSERVATION,No
Oreobolus oligocephalus,iNaturalist Australia,HUMAN_OBSERVATION,No
Phoringopsis dockrillii,iNaturalist Australia,HUMAN_OBSERVATION,No
Prasophyllum appendiculatum,iNaturalist Australia,HUMAN_OBSERVATION,No
Prasophyllum barnettii,iNaturalist Australia,HUMAN_OBSERVATION,No
Prasophyllum diversiflorum,iNaturalist Australia,HUMAN_OBSERVATION,No
Prasophyllum exile,iNaturalist Australia,HUMAN_OBSERVATION,No
Prasophyllum fecundum,iNaturalist Australia,HUMAN_OBSERVATION,No
Prasophyllum litorale,iNaturalist Australia,HUMAN_OBSERVATION,No
Prasophyllum morganii,iNaturalist Australia,HUMAN_OBSERVATION,Yes
Prasophyllum murfetii,iNaturalist Australia,HUMAN_OBSERVATION,No
Prasophyllum robustum,iNaturalist Australia,HUMAN_OBSERVATION,No
Pterostylis angulata,iNaturalist Australia,HUMAN_OBSERVATION,Yes
Pterostylis crassa,iNaturalist Australia,HUMAN_OBSERVATION,No
Pterostylis elegantissima,iNaturalist Australia,HUMAN_OBSERVATION,Yes
Pterostylis macrosepala,iNaturalist Australia,HUMAN_OBSERVATION,No
Pterostylis microglossa,iNaturalist Australia,HUMAN_OBSERVATION,No
Pterostylis ovata,iNaturalist Australia,HUMAN_OBSERVATION,Yes
Pterostylis parca,iNaturalist Australia,HUMAN_OBSERVATION,No
Pterostylis pedina,iNaturalist Australia,HUMAN_OBSERVATION,Yes
Pterostylis taurus,iNaturalist Australia,HUMAN_OBSERVATION,No
Pterostylis vernalis,iNaturalist Australia,HUMAN_OBSERVATION,No
Pterostylis vescula,iNaturalist Australia,HUMAN_OBSERVATION,Yes
Rhynchospora croydonensis,iNaturalist Australia,HUMAN_OBSERVATION,Yes
Robiquetia wassellii,iNaturalist Australia,HUMAN_OBSERVATION,No
Saccolabiopsis armitii,iNaturalist Australia,HUMAN_OBSERVATION,No
Schoenus brevisetis,iNaturalist Australia,HUMAN_OBSERVATION,Yes
Schoenus clandestinus,iNaturalist Australia,HUMAN_OBSERVATION,No
Schoenus kennyi,iNaturalist Australia,HUMAN_OBSERVATION,No
Schoenus ornithopodioides,iNaturalist Australia,HUMAN_OBSERVATION,No
Schoenus pedicellatus,iNaturalist Australia,HUMAN_OBSERVATION,No
Schoenus subflavus,iNaturalist Australia,HUMAN_OBSERVATION,Yes
Tacca maculata,iNaturalist Australia,HUMAN_OBSERVATION,No
Thelymitra adorata,iNaturalist Australia,HUMAN_OBSERVATION,No
Thelymitra basaltica,iNaturalist Australia,HUMAN_OBSERVATION,No
Thelymitra corrugata,iNaturalist Australia,HUMAN_OBSERVATION,Yes
Thelymitra cyanapicata,iNaturalist Australia,HUMAN_OBSERVATION,No
Thelymitra exigua,iNaturalist Australia,HUMAN_OBSERVATION,No
Thelymitra inflata,iNaturalist Australia,HUMAN_OBSERVATION,No
Thelymitra kangaloonica,iNaturalist Australia,HUMAN_OBSERVATION,No
Thelymitra latifolia,iNaturalist Australia,HUMAN_OBSERVATION,Yes
Thelymitra maculata,iNaturalist Australia,HUMAN_OBSERVATION,No
Thelymitra spadicea,iNaturalist Australia,HUMAN_OBSERVATION,No
Thelymitra viridis,iNaturalist Australia,HUMAN_OBSERVATION,No
Thysanotus gracilis,iNaturalist Australia,HUMAN_OBSERVATION,Yes
Thysanotus pseudojunceus,iNaturalist Australia,HUMAN_OBSERVATION,Yes
Wurmbea dilatata,iNaturalist Australia,HUMAN_OBSERVATION,Yes
Wurmbea sinora,iNaturalist Australia,HUMAN_OBSERVATION,No
Xanthorrhoea brevistyla,iNaturalist Australia,HUMAN_OBSERVATION,No
Xerolirion divaricata,iNaturalist Australia,HUMAN_OBSERVATION,No
Amphibromus pithogastrus,iNaturalist Australia,HUMAN_OBSERVATION,Yes
Amphibromus sinuatus,iNaturalist Australia,HUMAN_OBSERVATION,Yes
Amphipogon debilis,iNaturalist Australia,HUMAN_OBSERVATION,No
Aphanopetalum clematideum,iNaturalist Australia,HUMAN_OBSERVATION,No
Aristida exserta,iNaturalist Australia,HUMAN_OBSERVATION,Yes
Aristida gracilipes,iNaturalist Australia,HUMAN_OBSERVATION,No
Aristida platychaeta,iNaturalist Australia,HUMAN_OBSERVATION,No
Aristida utilis,iNaturalist Australia,HUMAN_OBSERVATION,No
Arundinella montana,iNaturalist Australia,HUMAN_OBSERVATION,Yes
Austrostipa curticoma,iNaturalist Australia,HUMAN_OBSERVATION,No
Austrostipa variabilis,iNaturalist Australia,HUMAN_OBSERVATION,No
Bothriochloa bunyensis,iNaturalist Australia,HUMAN_OBSERVATION,No
Cenchrus basedowii,iNaturalist Australia,HUMAN_OBSERVATION,No
Chloris lobata,iNaturalist Australia,HUMAN_OBSERVATION,No
Chordifex stenandrus,iNaturalist Australia,HUMAN_OBSERVATION,No
Chrysopogon setifolius,iNaturalist Australia,HUMAN_OBSERVATION,No
Coleocarya gracilis,iNaturalist Australia,HUMAN_OBSERVATION,No
Crassula peduncularis,iNaturalist Australia,HUMAN_OBSERVATION,No
Cynodon simonii,iNaturalist Australia,HUMAN_OBSERVATION,Yes
Cyrtococcum oxyphyllum,iNaturalist Australia,HUMAN_OBSERVATION,No
Desmocladus semiplanus,iNaturalist Australia,HUMAN_OBSERVATION,Yes
Desmocladus virgatus,iNaturalist Australia,HUMAN_OBSERVATION,Yes
Dichanthium queenslandicum,iNaturalist Australia,HUMAN_OBSERVATION,No
Dichelachne parva,iNaturalist Australia,HUMAN_OBSERVATION,Yes
Digitaria gibbosa,iNaturalist Australia,HUMAN_OBSERVATION,Yes
Dimeria ornithopoda,iNaturalist Australia,HUMAN_OBSERVATION,No
Ectrosia gulliveri,iNaturalist Australia,HUMAN_OBSERVATION,No
Ectrosia scabrida,iNaturalist Australia,HUMAN_OBSERVATION,No
Ectrosia schultzii,iNaturalist Australia,HUMAN_OBSERVATION,No
Elionurus citreus,iNaturalist Australia,HUMAN_OBSERVATION,No
Enneapogon gracilis,iNaturalist Australia,HUMAN_OBSERVATION,No
Entolasia whiteana,iNaturalist Australia,HUMAN_OBSERVATION,No
Eragrostis concinna,iNaturalist Australia,HUMAN_OBSERVATION,Yes
Eragrostis fallax,iNaturalist Australia,HUMAN_OBSERVATION,No
Eragrostis laniflora,iNaturalist Australia,HUMAN_OBSERVATION,No
Eragrostis pergracilis,iNaturalist Australia,HUMAN_OBSERVATION,No
Eriachne armittii,iNaturalist Australia,HUMAN_OBSERVATION,No
Eriachne benthamii,iNaturalist Australia,HUMAN_OBSERVATION,No
Eriachne glabrata,iNaturalist Australia,HUMAN_OBSERVATION,Yes
Eriachne glauca,iNaturalist Australia,HUMAN_OBSERVATION,No
Eriachne melicacea,iNaturalist Australia,HUMAN_OBSERVATION,No
Eriachne nodosa,iNaturalist Australia,HUMAN_OBSERVATION,Yes
Eriachne stipacea,iNaturalist Australia,HUMAN_OBSERVATION,No
Eriochloa australiensis,iNaturalist Australia,HUMAN_OBSERVATION,No
Festuca asperula,iNaturalist Australia,HUMAN_OBSERVATION,No
Gonocarpus effusus,iNaturalist Australia,HUMAN_OBSERVATION,Yes
Gonocarpus pithyoides,iNaturalist Australia,HUMAN_OBSERVATION,No
Haloragis eyreana,iNaturalist Australia,HUMAN_OBSERVATION,No
Haloragis glauca,iNaturalist Australia,HUMAN_OBSERVATION,No
Haloragis milesiae,iNaturalist Australia,HUMAN_OBSERVATION,Yes
Hibbertia ancistrophylla,iNaturalist Australia,HUMAN_OBSERVATION,Yes
Hibbertia ancistrotricha,iNaturalist Australia,HUMAN_OBSERVATION,Yes
Hibbertia araneolifera,iNaturalist Australia,HUMAN_OBSERVATION,No
Hibbertia auriculiflora,iNaturalist Australia,HUMAN_OBSERVATION,Yes
Hibbertia avonensis,iNaturalist Australia,HUMAN_OBSERVATION,No
Hibbertia axillibarba,iNaturalist Australia,HUMAN_OBSERVATION,Yes
Hibbertia bicarpellata,iNaturalist Australia,HUMAN_OBSERVATION,Yes
Hibbertia complanata,iNaturalist Australia,HUMAN_OBSERVATION,No
Hibbertia concinna,iNaturalist Australia,HUMAN_OBSERVATION,Yes
Hibbertia cravenii,iNaturalist Australia,HUMAN_OBSERVATION,No
Hibbertia dealbata,iNaturalist Australia,HUMAN_OBSERVATION,No
Hibbertia depilipes,iNaturalist Australia,HUMAN_OBSERVATION,No
Hibbertia drummondii,iNaturalist Australia,HUMAN_OBSERVATION,Yes
Hibbertia elata,iNaturalist Australia,HUMAN_OBSERVATION,No
Hibbertia fasciculiflora,iNaturalist Australia,HUMAN_OBSERVATION,No
Hibbertia fractiflexa,iNaturalist Australia,HUMAN_OBSERVATION,No
Hibbertia glabriuscula,iNaturalist Australia,HUMAN_OBSERVATION,Yes
Hibbertia graniticola,iNaturalist Australia,HUMAN_OBSERVATION,Yes
Hibbertia hamulosa,iNaturalist Australia,HUMAN_OBSERVATION,Yes
Hibbertia intermedia,iNaturalist Australia,HUMAN_OBSERVATION,Yes
Hibbertia mylnei,iNaturalist Australia,HUMAN_OBSERVATION,No
Hibbertia pachyphylla,iNaturalist Australia,HUMAN_OBSERVATION,Yes
Hibbertia papillata,iNaturalist Australia,HUMAN_OBSERVATION,Yes
Hibbertia pholidota,iNaturalist Australia,HUMAN_OBSERVATION,No
Hibbertia planifolia,iNaturalist Australia,HUMAN_OBSERVATION,Yes
Hibbertia priceana,iNaturalist Australia,HUMAN_OBSERVATION,Yes
Hibbertia rostellata,iNaturalist Australia,HUMAN_OBSERVATION,No
Hibbertia squarrosa,iNaturalist Australia,HUMAN_OBSERVATION,Yes
Hibbertia stirlingii,iNaturalist Australia,HUMAN_OBSERVATION,No
Hibbertia stowardii,iNaturalist Australia,HUMAN_OBSERVATION,Yes
Hibbertia sulcinervis,iNaturalist Australia,HUMAN_OBSERVATION,Yes
Hibbertia tenuifolia,iNaturalist Australia,HUMAN_OBSERVATION,Yes
Hibbertia uncinata,iNaturalist Australia,HUMAN_OBSERVATION,No
Hibbertia villosa,iNaturalist Australia,HUMAN_OBSERVATION,No
Hyparrhenia filipendula,iNaturalist Australia,HUMAN_OBSERVATION,No
Juncus antarcticus,iNaturalist Australia,HUMAN_OBSERVATION,No
Juncus radula,iNaturalist Australia,HUMAN_OBSERVATION,No
Juncus sandwithii,iNaturalist Australia,HUMAN_OBSERVATION,No
Juncus vaginatus,iNaturalist Australia,HUMAN_OBSERVATION,No
Lachnagrostis rudis,iNaturalist Australia,HUMAN_OBSERVATION,No
Lepidobolus chaetocephalus,iNaturalist Australia,HUMAN_OBSERVATION,No
Lepidobolus quadratus,iNaturalist Australia,HUMAN_OBSERVATION,No
Loxocarya cinerea,iNaturalist Australia,HUMAN_OBSERVATION,No
Loxocarya gigas,iNaturalist Australia,HUMAN_OBSERVATION,No
Luzula ovata,iNaturalist Australia,HUMAN_OBSERVATION,No
Microlaena tasmanica,iNaturalist Australia,HUMAN_OBSERVATION,No
Neurachne minor,iNaturalist Australia,HUMAN_OBSERVATION,No
Neurachne munroi,iNaturalist Australia,HUMAN_OBSERVATION,No
Ophiuros exaltatus,iNaturalist Australia,HUMAN_OBSERVATION,No
Panicum seminudum,iNaturalist Australia,HUMAN_OBSERVATION,No
Piper hooglandii,iNaturalist Australia,HUMAN_OBSERVATION,No
Polyalthia hispida,iNaturalist Australia,HUMAN_OBSERVATION,No
Pseudopogonatherum contortum,iNaturalist Australia,HUMAN_OBSERVATION,No
Rytidosperma acerosum,iNaturalist Australia,HUMAN_OBSERVATION,Yes
Schizachyrium pseudeulalia,iNaturalist Australia,HUMAN_OBSERVATION,No
Schoenus unispiculatus,iNaturalist Australia,HUMAN_OBSERVATION,Yes
Schoenus vaginatus,iNaturalist Australia,HUMAN_OBSERVATION,No
Sehima nervosum,iNaturalist Australia,HUMAN_OBSERVATION,No
Sporobolus pamelae,iNaturalist Australia,HUMAN_OBSERVATION,No
Sporobolus partimpatens,iNaturalist Australia,HUMAN_OBSERVATION,No
Sylvipoa queenslandica,iNaturalist Australia,HUMAN_OBSERVATION,No
Thaumastochloa major,iNaturalist Australia,HUMAN_OBSERVATION,No
Tremulina cracens,iNaturalist Australia,HUMAN_OBSERVATION,No
Triodia danthonioides,iNaturalist Australia,HUMAN_OBSERVATION,No
Triodia dielsii,iNaturalist Australia,HUMAN_OBSERVATION,Yes
Triodia glabra,iNaturalist Australia,HUMAN_OBSERVATION,No
Triodia plectrachnoides,iNaturalist Australia,HUMAN_OBSERVATION,No
Whiteochloa airoides,iNaturalist Australia,HUMAN_OBSERVATION,No
Xyris pauciflora,iNaturalist Australia,HUMAN_OBSERVATION,No
Acacia alaticaulis,iNaturalist Australia,HUMAN_OBSERVATION,No
Acacia amblyophylla,iNaturalist Australia,HUMAN_OBSERVATION,No
Acacia ammophila,iNaturalist Australia,HUMAN_OBSERVATION,No
Acacia araneosa,iNaturalist Australia,HUMAN_OBSERVATION,No
Acacia argyraea,iNaturalist Australia,HUMAN_OBSERVATION,No
Acacia argyrodendron,iNaturalist Australia,HUMAN_OBSERVATION,No
Acacia axillaris,iNaturalist Australia,HUMAN_OBSERVATION,No
Acacia barbinervis,iNaturalist Australia,HUMAN_OBSERVATION,No
Acacia basedowii,iNaturalist Australia,HUMAN_OBSERVATION,No
Acacia brassii,iNaturalist Australia,HUMAN_OBSERVATION,No
Acacia burrana,iNaturalist Australia,HUMAN_OBSERVATION,No
Acacia cataractae,iNaturalist Australia,HUMAN_OBSERVATION,No
Acacia clydonophora,iNaturalist Australia,HUMAN_OBSERVATION,No
Acacia comans,iNaturalist Australia,HUMAN_OBSERVATION,No
Acacia cretacea,iNaturalist Australia,HUMAN_OBSERVATION,No
Acacia cretata,iNaturalist Australia,HUMAN_OBSERVATION,No
Acacia declinata,iNaturalist Australia,HUMAN_OBSERVATION,No
Acacia dilatata,iNaturalist Australia,HUMAN_OBSERVATION,No
Acacia durabilis,iNaturalist Australia,HUMAN_OBSERVATION,No
Acacia fulva,iNaturalist Australia,HUMAN_OBSERVATION,No
Acacia gillii,iNaturalist Australia,HUMAN_OBSERVATION,No
Acacia hammondii,iNaturalist Australia,HUMAN_OBSERVATION,No
Acacia handonis,iNaturalist Australia,HUMAN_OBSERVATION,No
Acacia hendersonii,iNaturalist Australia,HUMAN_OBSERVATION,No
Acacia hockingsii,iNaturalist Australia,HUMAN_OBSERVATION,No
Acacia holotricha,iNaturalist Australia,HUMAN_OBSERVATION,Yes
Acacia idiomorpha,iNaturalist Australia,HUMAN_OBSERVATION,No
Acacia imbricata,iNaturalist Australia,HUMAN_OBSERVATION,No
Acacia inamabilis,iNaturalist Australia,HUMAN_OBSERVATION,No
Acacia incurvaneura,iNaturalist Australia,HUMAN_OBSERVATION,No
Acacia jamesiana,iNaturalist Australia,HUMAN_OBSERVATION,No
Acacia jibberdingensis,iNaturalist Australia,HUMAN_OBSERVATION,No
Acacia kettlewelliae,iNaturalist Australia,HUMAN_OBSERVATION,No
Acacia lanuginophylla,iNaturalist Australia,HUMAN_OBSERVATION,No
Acacia leptoclada,iNaturalist Australia,HUMAN_OBSERVATION,No
Acacia loderi,iNaturalist Australia,HUMAN_OBSERVATION,No
Acacia lunata,iNaturalist Australia,HUMAN_OBSERVATION,No
Acacia maconochieana,iNaturalist Australia,HUMAN_OBSERVATION,No
Acacia meisneri,iNaturalist Australia,HUMAN_OBSERVATION,No
Acacia menzelii,iNaturalist Australia,HUMAN_OBSERVATION,No
Acacia microbotrya,iNaturalist Australia,HUMAN_OBSERVATION,No
Acacia microcybe,iNaturalist Australia,HUMAN_OBSERVATION,Yes
Acacia mooreana,iNaturalist Australia,HUMAN_OBSERVATION,No
Acacia neobrachycarpa,iNaturalist Australia,HUMAN_OBSERVATION,No
Acacia nesophila,iNaturalist Australia,HUMAN_OBSERVATION,No
Acacia nuperrima,iNaturalist Australia,HUMAN_OBSERVATION,No
Acacia obtusata,iNaturalist Australia,HUMAN_OBSERVATION,No
Acacia oldfieldii,iNaturalist Australia,HUMAN_OBSERVATION,No
Acacia orbifolia,iNaturalist Australia,HUMAN_OBSERVATION,No
Acacia pachyacra,iNaturalist Australia,HUMAN_OBSERVATION,No
Acacia pataczekii,iNaturalist Australia,HUMAN_OBSERVATION,No
Acacia phasmoides,iNaturalist Australia,HUMAN_OBSERVATION,No
Acacia pilligaensis,iNaturalist Australia,HUMAN_OBSERVATION,No
Acacia producta,iNaturalist Australia,HUMAN_OBSERVATION,No
Acacia puncticulata,iNaturalist Australia,HUMAN_OBSERVATION,No
Acacia ramiflora,iNaturalist Australia,HUMAN_OBSERVATION,No
Acacia resinimarginea,iNaturalist Australia,HUMAN_OBSERVATION,No
Acacia retrorsa,iNaturalist Australia,HUMAN_OBSERVATION,No
Acacia saliciformis,iNaturalist Australia,HUMAN_OBSERVATION,No
Acacia sibirica,iNaturalist Australia,HUMAN_OBSERVATION,No
Acacia signata,iNaturalist Australia,HUMAN_OBSERVATION,No
Acacia simmonsiana,iNaturalist Australia,HUMAN_OBSERVATION,No
Acacia spania,iNaturalist Australia,HUMAN_OBSERVATION,No
Acacia sphenophylla,iNaturalist Australia,HUMAN_OBSERVATION,No
Acacia startii,iNaturalist Australia,HUMAN_OBSERVATION,No
Acacia stipulosa,iNaturalist Australia,HUMAN_OBSERVATION,No
Acacia storyi,iNaturalist Australia,HUMAN_OBSERVATION,No
Acacia tetragonocarpa,iNaturalist Australia,HUMAN_OBSERVATION,No
Acacia tropica,iNaturalist Australia,HUMAN_OBSERVATION,No
Acacia ulicina,iNaturalist Australia,HUMAN_OBSERVATION,No
Acacia validinervia,iNaturalist Australia,HUMAN_OBSERVATION,No
Acacia whibleyana,iNaturalist Australia,HUMAN_OBSERVATION,No
Acacia yalwalensis,iNaturalist Australia,HUMAN_OBSERVATION,No
Adenanthos apiculatus,iNaturalist Australia,HUMAN_OBSERVATION,No
Adenanthos drummondii,iNaturalist Australia,HUMAN_OBSERVATION,No
Adenanthos filifolius,iNaturalist Australia,HUMAN_OBSERVATION,No
Adenanthos flavidiflorus,iNaturalist Australia,HUMAN_OBSERVATION,No
Adenanthos linearis,iNaturalist Australia,HUMAN_OBSERVATION,No
Apatophyllum teretifolium,iNaturalist Australia,HUMAN_OBSERVATION,Yes
Arabidella procumbens,iNaturalist Australia,HUMAN_OBSERVATION,Yes
Banksia corvijuga,iNaturalist Australia,HUMAN_OBSERVATION,No
Banksia fililoba,iNaturalist Australia,HUMAN_OBSERVATION,No
Banksia goodii,iNaturalist Australia,HUMAN_OBSERVATION,No
Banksia hewardiana,iNaturalist Australia,HUMAN_OBSERVATION,No
Banksia petiolaris,iNaturalist Australia,HUMAN_OBSERVATION,No
Banksia platycarpa,iNaturalist Australia,HUMAN_OBSERVATION,No
Banksia rosserae,iNaturalist Australia,HUMAN_OBSERVATION,No
Banksia stenoprion,iNaturalist Australia,HUMAN_OBSERVATION,No
Banksia subulata,iNaturalist Australia,HUMAN_OBSERVATION,No
Barbarea australis,iNaturalist Australia,HUMAN_OBSERVATION,No
Capparis jacobsii,iNaturalist Australia,HUMAN_OBSERVATION,No
Carronia pedicellata,iNaturalist Australia,HUMAN_OBSERVATION,No
Clematis delicata,iNaturalist Australia,HUMAN_OBSERVATION,No
Conospermum bracteosum,iNaturalist Australia,HUMAN_OBSERVATION,No
Denhamia obscura,iNaturalist Australia,HUMAN_OBSERVATION,No
Grevillea albiflora,iNaturalist Australia,HUMAN_OBSERVATION,No
Grevillea beadleana,iNaturalist Australia,HUMAN_OBSERVATION,No
Grevillea calliantha,iNaturalist Australia,HUMAN_OBSERVATION,No
Grevillea christineae,iNaturalist Australia,HUMAN_OBSERVATION,No
Grevillea halmaturina,iNaturalist Australia,HUMAN_OBSERVATION,No
Grevillea hirtella,iNaturalist Australia,HUMAN_OBSERVATION,No
Grevillea integrifolia,iNaturalist Australia,HUMAN_OBSERVATION,No
Grevillea leucoclada,iNaturalist Australia,HUMAN_OBSERVATION,No
Grevillea mcgillivrayi,iNaturalist Australia,HUMAN_OBSERVATION,No
Grevillea microstegia,iNaturalist Australia,HUMAN_OBSERVATION,No
Grevillea muelleri,iNaturalist Australia,HUMAN_OBSERVATION,No
Grevillea muricata,iNaturalist Australia,HUMAN_OBSERVATION,No
Grevillea parallelinervis,iNaturalist Australia,HUMAN_OBSERVATION,No
Grevillea psilantha,iNaturalist Australia,HUMAN_OBSERVATION,No
Grevillea rudis,iNaturalist Australia,HUMAN_OBSERVATION,No
Grevillea scabra,iNaturalist Australia,HUMAN_OBSERVATION,No
Grevillea treueriana,iNaturalist Australia,HUMAN_OBSERVATION,No
Grevillea triloba,iNaturalist Australia,HUMAN_OBSERVATION,No
Hakea candolleana,iNaturalist Australia,HUMAN_OBSERVATION,No
Hakea circumalata,iNaturalist Australia,HUMAN_OBSERVATION,No
Hakea longiflora,iNaturalist Australia,HUMAN_OBSERVATION,No
Hakea neospathulata,iNaturalist Australia,HUMAN_OBSERVATION,No
Hakea pycnoneura,iNaturalist Australia,HUMAN_OBSERVATION,No
Hakea stenophylla,iNaturalist Australia,HUMAN_OBSERVATION,No
Isopogon inconspicuus,iNaturalist Australia,HUMAN_OBSERVATION,No
Isopogon panduratus,iNaturalist Australia,HUMAN_OBSERVATION,No
Isopogon spathulatus,iNaturalist Australia,HUMAN_OBSERVATION,No
Lambertia uniflora,iNaturalist Australia,HUMAN_OBSERVATION,No
Lepidium desvauxii,iNaturalist Australia,HUMAN_OBSERVATION,Yes
Lepidium ginninderrense,iNaturalist Australia,HUMAN_OBSERVATION,No
Lepidium pedicellosum,iNaturalist Australia,HUMAN_OBSERVATION,No
Lepidium peregrinum,iNaturalist Australia,HUMAN_OBSERVATION,Yes
Lepidium pholidogynum,iNaturalist Australia,HUMAN_OBSERVATION,No
Lepidium pseudopapillosum,iNaturalist Australia,HUMAN_OBSERVATION,No
Lepidium strongylophyllum,iNaturalist Australia,HUMAN_OBSERVATION,No
Menkea sphaerocarpa,iNaturalist Australia,HUMAN_OBSERVATION,No
Myriophyllum amphibium,iNaturalist Australia,HUMAN_OBSERVATION,Yes
Myriophyllum salsugineum,iNaturalist Australia,HUMAN_OBSERVATION,No
Neoalsomitra clavigera,iNaturalist Australia,HUMAN_OBSERVATION,No
Persoonia acicularis,iNaturalist Australia,HUMAN_OBSERVATION,No
Persoonia chapmaniana,iNaturalist Australia,HUMAN_OBSERVATION,No
Persoonia hexagona,iNaturalist Australia,HUMAN_OBSERVATION,No
Persoonia katerae,iNaturalist Australia,HUMAN_OBSERVATION,No
Persoonia oleoides,iNaturalist Australia,HUMAN_OBSERVATION,Yes
Persoonia oxycoccoides,iNaturalist Australia,HUMAN_OBSERVATION,No
Persoonia recedens,iNaturalist Australia,HUMAN_OBSERVATION,No
Persoonia rufiflora,iNaturalist Australia,HUMAN_OBSERVATION,No
Persoonia saundersiana,iNaturalist Australia,HUMAN_OBSERVATION,No
Persoonia stricta,iNaturalist Australia,HUMAN_OBSERVATION,No
Persoonia teretifolia,iNaturalist Australia,HUMAN_OBSERVATION,No
Petrophile axillaris,iNaturalist Australia,HUMAN_OBSERVATION,No
Petrophile conifera,iNaturalist Australia,HUMAN_OBSERVATION,No
Petrophile imbricata,iNaturalist Australia,HUMAN_OBSERVATION,No
Petrophile megalostegia,iNaturalist Australia,HUMAN_OBSERVATION,No
Petrophile merrallii,iNaturalist Australia,HUMAN_OBSERVATION,No
Petrophile nivea,iNaturalist Australia,HUMAN_OBSERVATION,No
Petrophile recurva,iNaturalist Australia,HUMAN_OBSERVATION,No
Petrophile wonganensis,iNaturalist Australia,HUMAN_OBSERVATION,No
Phlegmatospermum cochlearinum,iNaturalist Australia,HUMAN_OBSERVATION,No
Phlegmatospermum eremaeum,iNaturalist Australia,HUMAN_OBSERVATION,Yes
Ranunculus nanus,iNaturalist Australia,HUMAN_OBSERVATION,No
Rorippa eustylis,iNaturalist Australia,HUMAN_OBSERVATION,No
Stenocarpus cryptocarpus,iNaturalist Australia,HUMAN_OBSERVATION,No
Stenopetalum nutans,iNaturalist Australia,HUMAN_OBSERVATION,No
Stenopetalum salicola,iNaturalist Australia,HUMAN_OBSERVATION,Yes
Stenopetalum sphaerocarpum,iNaturalist Australia,HUMAN_OBSERVATION,No
Synaphea drummondii,iNaturalist Australia,HUMAN_OBSERVATION,Yes
Synaphea preissii,iNaturalist Australia,HUMAN_OBSERVATION,No
Synaphea rangiferops,iNaturalist Australia,HUMAN_OBSERVATION,No
Trithuria filamentosa,iNaturalist Australia,HUMAN_OBSERVATION,No
Xylomelum scottianum,iNaturalist Australia,HUMAN_OBSERVATION,No
Acalypha lyonsii,iNaturalist Australia,HUMAN_OBSERVATION,No
Allocasuarina acuaria,iNaturalist Australia,HUMAN_OBSERVATION,No
Allocasuarina filidens,iNaturalist Australia,HUMAN_OBSERVATION,No
Allocasuarina media,iNaturalist Australia,HUMAN_OBSERVATION,No
Allocasuarina pinaster,iNaturalist Australia,HUMAN_OBSERVATION,No
Allocasuarina robusta,iNaturalist Australia,HUMAN_OBSERVATION,Yes
Allocasuarina spinosissima,iNaturalist Australia,HUMAN_OBSERVATION,No
Alysicarpus schomburgkii,iNaturalist Australia,HUMAN_OBSERVATION,No
Aotus phylicoides,iNaturalist Australia,HUMAN_OBSERVATION,Yes
Bertya sharpeana,iNaturalist Australia,HUMAN_OBSERVATION,No
Beyeria cinerea,iNaturalist Australia,HUMAN_OBSERVATION,No
Bossiaea concolor,iNaturalist Australia,HUMAN_OBSERVATION,No
Bossiaea disticha,iNaturalist Australia,HUMAN_OBSERVATION,No
Cajanus aromaticus,iNaturalist Australia,HUMAN_OBSERVATION,Yes
Chorizema genistoides,iNaturalist Australia,HUMAN_OBSERVATION,No
Chorizema nervosum,iNaturalist Australia,HUMAN_OBSERVATION,No
Chorizema reticulatum,iNaturalist Australia,HUMAN_OBSERVATION,No
Comesperma acerosum,iNaturalist Australia,HUMAN_OBSERVATION,No
Comesperma secundum,iNaturalist Australia,HUMAN_OBSERVATION,No
Cristonia stenophylla,iNaturalist Australia,HUMAN_OBSERVATION,Yes
Crotalaria sessiliflora,iNaturalist Australia,HUMAN_OBSERVATION,No
Croton mamillatus,iNaturalist Australia,HUMAN_OBSERVATION,No
Cullen graveolens,iNaturalist Australia,HUMAN_OBSERVATION,No
Cullen patens,iNaturalist Australia,HUMAN_OBSERVATION,No
Daviesia alternifolia,iNaturalist Australia,HUMAN_OBSERVATION,No
Daviesia elliptica,iNaturalist Australia,HUMAN_OBSERVATION,No
Daviesia flava,iNaturalist Australia,HUMAN_OBSERVATION,No
Daviesia pachyloma,iNaturalist Australia,HUMAN_OBSERVATION,No
Daviesia pedunculata,iNaturalist Australia,HUMAN_OBSERVATION,No
Daviesia polyphylla,iNaturalist Australia,HUMAN_OBSERVATION,No
Daviesia pubigera,iNaturalist Australia,HUMAN_OBSERVATION,No
Daviesia ramosissima,iNaturalist Australia,HUMAN_OBSERVATION,No
Daviesia rhombifolia,iNaturalist Australia,HUMAN_OBSERVATION,No
Dillwynia rupestris,iNaturalist Australia,HUMAN_OBSERVATION,No
Dillwynia stipulifera,iNaturalist Australia,HUMAN_OBSERVATION,Yes
Gastrolobium axillare,iNaturalist Australia,HUMAN_OBSERVATION,No
Gastrolobium bracteolosum,iNaturalist Australia,HUMAN_OBSERVATION,No
Gastrolobium euryphyllum,iNaturalist Australia,HUMAN_OBSERVATION,Yes
Gastrolobium microcarpum,iNaturalist Australia,HUMAN_OBSERVATION,No
Gastrolobium plicatum,iNaturalist Australia,HUMAN_OBSERVATION,Yes
Gastrolobium punctatum,iNaturalist Australia,HUMAN_OBSERVATION,No
Gastrolobium truncatum,iNaturalist Australia,HUMAN_OBSERVATION,No
Geranium obtusisepalum,iNaturalist Australia,HUMAN_OBSERVATION,Yes
Glycine argyrea,iNaturalist Australia,HUMAN_OBSERVATION,No
Gompholobium pungens,iNaturalist Australia,HUMAN_OBSERVATION,Yes
Gompholobium subulatum,iNaturalist Australia,HUMAN_OBSERVATION,No
Hovea angustissima,iNaturalist Australia,HUMAN_OBSERVATION,No
Hovea speciosa,iNaturalist Australia,HUMAN_OBSERVATION,No
Indigofera bancroftii,iNaturalist Australia,HUMAN_OBSERVATION,No
Indigofera chamaeclada,iNaturalist Australia,HUMAN_OBSERVATION,No
Indigofera efoliata,iNaturalist Australia,HUMAN_OBSERVATION,No
Indigofera helmsii,iNaturalist Australia,HUMAN_OBSERVATION,No
Indigofera scabrella,iNaturalist Australia,HUMAN_OBSERVATION,Yes
Indigofera trita,iNaturalist Australia,HUMAN_OBSERVATION,No
Isotropis drummondii,iNaturalist Australia,HUMAN_OBSERVATION,No
Isotropis filicaulis,iNaturalist Australia,HUMAN_OBSERVATION,No
Jacksonia angulata,iNaturalist Australia,HUMAN_OBSERVATION,No
Jacksonia calcicola,iNaturalist Australia,HUMAN_OBSERVATION,No
Jacksonia cupulifera,iNaturalist Australia,HUMAN_OBSERVATION,No
Jacksonia fasciculata,iNaturalist Australia,HUMAN_OBSERVATION,No
Jacksonia lehmannii,iNaturalist Australia,HUMAN_OBSERVATION,No
Jacksonia racemosa,iNaturalist Australia,HUMAN_OBSERVATION,No
Jacksonia tarinensis,iNaturalist Australia,HUMAN_OBSERVATION,No
Jacksonia venosa,iNaturalist Australia,HUMAN_OBSERVATION,No
Kennedia glabrata,iNaturalist Australia,HUMAN_OBSERVATION,No
Labichea nitida,iNaturalist Australia,HUMAN_OBSERVATION,No
Latrobea genistoides,iNaturalist Australia,HUMAN_OBSERVATION,No
Leptosema tomentosum,iNaturalist Australia,HUMAN_OBSERVATION,No
Mirbelia balsiformis,iNaturalist Australia,HUMAN_OBSERVATION,Yes
Mirbelia confertiflora,iNaturalist Australia,HUMAN_OBSERVATION,No
Mirbelia granitica,iNaturalist Australia,HUMAN_OBSERVATION,No
Mirbelia ramulosa,iNaturalist Australia,HUMAN_OBSERVATION,No
Mirbelia viminalis,iNaturalist Australia,HUMAN_OBSERVATION,No
Phyllota humifusa,iNaturalist Australia,HUMAN_OBSERVATION,No
Polygala clavistyla,iNaturalist Australia,HUMAN_OBSERVATION,Yes
Polygala eriocephala,iNaturalist Australia,HUMAN_OBSERVATION,Yes
Polygala exsquarrosa,iNaturalist Australia,HUMAN_OBSERVATION,No
Polygala integra,iNaturalist Australia,HUMAN_OBSERVATION,No
Polygala longifolia,iNaturalist Australia,HUMAN_OBSERVATION,No
Polygala orbicularis,iNaturalist Australia,HUMAN_OBSERVATION,No
Polygala stenoclada,iNaturalist Australia,HUMAN_OBSERVATION,No
Polygala succulenta,iNaturalist Australia,HUMAN_OBSERVATION,Yes
Polygala validiflora,iNaturalist Australia,HUMAN_OBSERVATION,Yes
Pueraria lobata,iNaturalist Australia,HUMAN_OBSERVATION,No
Pultenaea cinerascens,iNaturalist Australia,HUMAN_OBSERVATION,No
Pultenaea cuneata,iNaturalist Australia,HUMAN_OBSERVATION,No
Pultenaea lapidosa,iNaturalist Australia,HUMAN_OBSERVATION,No
Pultenaea rariflora,iNaturalist Australia,HUMAN_OBSERVATION,Yes
Pultenaea trichophylla,iNaturalist Australia,HUMAN_OBSERVATION,No
Pultenaea viscidula,iNaturalist Australia,HUMAN_OBSERVATION,No
Rhynchosia australis,iNaturalist Australia,HUMAN_OBSERVATION,No
Senna circinnata,iNaturalist Australia,HUMAN_OBSERVATION,No
Sphaerolobium acanthos,iNaturalist Australia,HUMAN_OBSERVATION,No
Sphaerolobium hygrophilum,iNaturalist Australia,HUMAN_OBSERVATION,No
Sphaerolobium pulchellum,iNaturalist Australia,HUMAN_OBSERVATION,No
Stylobasium australe,iNaturalist Australia,HUMAN_OBSERVATION,No
Swainsona acuticarinata,iNaturalist Australia,HUMAN_OBSERVATION,No
Swainsona colutoides,iNaturalist Australia,HUMAN_OBSERVATION,No
Swainsona oligophylla,iNaturalist Australia,HUMAN_OBSERVATION,No
Swainsona pyrophila,iNaturalist Australia,HUMAN_OBSERVATION,No
Swainsona unifoliolata,iNaturalist Australia,HUMAN_OBSERVATION,No
Templetonia aculeata,iNaturalist Australia,HUMAN_OBSERVATION,No
Templetonia battii,iNaturalist Australia,HUMAN_OBSERVATION,No
Templetonia drummondii,iNaturalist Australia,HUMAN_OBSERVATION,No
Templetonia incrassata,iNaturalist Australia,HUMAN_OBSERVATION,Yes
Templetonia smithiana,iNaturalist Australia,HUMAN_OBSERVATION,No
Tephrosia uniovulata,iNaturalist Australia,HUMAN_OBSERVATION,No
Urodon capitatus,iNaturalist Australia,HUMAN_OBSERVATION,No
Vachellia sutherlandii,iNaturalist Australia,HUMAN_OBSERVATION,No
Abelmoschus manihot,iNaturalist Australia,HUMAN_OBSERVATION,No
Abutilon cryptopetalum,iNaturalist Australia,HUMAN_OBSERVATION,No
Abutilon geranioides,iNaturalist Australia,HUMAN_OBSERVATION,Yes
Abutilon tubulosum,iNaturalist Australia,HUMAN_OBSERVATION,Yes
Actephila sessilifolia,iNaturalist Australia,HUMAN_OBSERVATION,No
Aluta aspera,iNaturalist Australia,HUMAN_OBSERVATION,No
Angophora inopina,iNaturalist Australia,HUMAN_OBSERVATION,No
Azanza thespesioides,iNaturalist Australia,HUMAN_OBSERVATION,No
Babingtonia erecta,iNaturalist Australia,HUMAN_OBSERVATION,Yes
Babingtonia triandra,iNaturalist Australia,HUMAN_OBSERVATION,No
Babingtonia urbana,iNaturalist Australia,HUMAN_OBSERVATION,Yes
Baeckea muricata,iNaturalist Australia,HUMAN_OBSERVATION,No
Beaufortia eriocephala,iNaturalist Australia,HUMAN_OBSERVATION,No
Brachychiton multicaulis,iNaturalist Australia,HUMAN_OBSERVATION,Yes
Brachychiton tuberculatus,iNaturalist Australia,HUMAN_OBSERVATION,No
Callistemon megalongensis,iNaturalist Australia,HUMAN_OBSERVATION,No
Calothamnus brevifolius,iNaturalist Australia,HUMAN_OBSERVATION,No
Calothamnus phellosus,iNaturalist Australia,HUMAN_OBSERVATION,No
Calothamnus planifolius,iNaturalist Australia,HUMAN_OBSERVATION,No
Calothamnus preissii,iNaturalist Australia,HUMAN_OBSERVATION,No
Calytrix pimeleoides,iNaturalist Australia,HUMAN_OBSERVATION,No
Calytrix purpurea,iNaturalist Australia,HUMAN_OBSERVATION,No
Calytrix sapphirina,iNaturalist Australia,HUMAN_OBSERVATION,No
Chamelaucium brevifolium,iNaturalist Australia,HUMAN_OBSERVATION,No
Chamelaucium drummondii,iNaturalist Australia,HUMAN_OBSERVATION,No
Chamelaucium marchantii,iNaturalist Australia,HUMAN_OBSERVATION,No
Chamelaucium pauciflorum,iNaturalist Australia,HUMAN_OBSERVATION,No
Cleistanthus hylandii,iNaturalist Australia,HUMAN_OBSERVATION,No
Cleistanthus semiopacus,iNaturalist Australia,HUMAN_OBSERVATION,No
Cochlospermum gregorii,iNaturalist Australia,HUMAN_OBSERVATION,No
Commersonia parviflora,iNaturalist Australia,HUMAN_OBSERVATION,No
Conothamnus trinervis,iNaturalist Australia,HUMAN_OBSERVATION,No
Corchorus pascuorum,iNaturalist Australia,HUMAN_OBSERVATION,No
Corymbia bleeseri,iNaturalist Australia,HUMAN_OBSERVATION,No
Corymbia hylandii,iNaturalist Australia,HUMAN_OBSERVATION,No
Corymbia ligans,iNaturalist Australia,HUMAN_OBSERVATION,No
Corynanthera flava,iNaturalist Australia,HUMAN_OBSERVATION,No
Darwinia chapmaniana,iNaturalist Australia,HUMAN_OBSERVATION,No
Darwinia glaucophylla,iNaturalist Australia,HUMAN_OBSERVATION,No
Darwinia pauciflora,iNaturalist Australia,HUMAN_OBSERVATION,No
Darwinia salina,iNaturalist Australia,HUMAN_OBSERVATION,Yes
Eremaea ectadioclada,iNaturalist Australia,HUMAN_OBSERVATION,No
Ericomyrtus parviflora,iNaturalist Australia,HUMAN_OBSERVATION,Yes
Eucalyptus acies,iNaturalist Australia,HUMAN_OBSERVATION,No
Eucalyptus annulata,iNaturalist Australia,HUMAN_OBSERVATION,No
Eucalyptus apothalassica,iNaturalist Australia,HUMAN_OBSERVATION,No
Eucalyptus approximans,iNaturalist Australia,HUMAN_OBSERVATION,No
Eucalyptus aspersa,iNaturalist Australia,HUMAN_OBSERVATION,No
Eucalyptus blaxellii,iNaturalist Australia,HUMAN_OBSERVATION,No
Eucalyptus cajuputea,iNaturalist Australia,HUMAN_OBSERVATION,Yes
Eucalyptus cameronii,iNaturalist Australia,HUMAN_OBSERVATION,No
Eucalyptus conferta,iNaturalist Australia,HUMAN_OBSERVATION,Yes
Eucalyptus conveniens,iNaturalist Australia,HUMAN_OBSERVATION,No
Eucalyptus corrugata,iNaturalist Australia,HUMAN_OBSERVATION,No
Eucalyptus cylindrocarpa,iNaturalist Australia,HUMAN_OBSERVATION,No
Eucalyptus desmondensis,iNaturalist Australia,HUMAN_OBSERVATION,No
Eucalyptus deuaensis,iNaturalist Australia,HUMAN_OBSERVATION,No
Eucalyptus dolichocera,iNaturalist Australia,HUMAN_OBSERVATION,No
Eucalyptus exigua,iNaturalist Australia,HUMAN_OBSERVATION,No
Eucalyptus grisea,iNaturalist Australia,HUMAN_OBSERVATION,No
Eucalyptus halophila,iNaturalist Australia,HUMAN_OBSERVATION,No
Eucalyptus laevis,iNaturalist Australia,HUMAN_OBSERVATION,No
Eucalyptus laevopinea,iNaturalist Australia,HUMAN_OBSERVATION,No
Eucalyptus leprophloia,iNaturalist Australia,HUMAN_OBSERVATION,No
Eucalyptus leptocalyx,iNaturalist Australia,HUMAN_OBSERVATION,No
Eucalyptus luculenta,iNaturalist Australia,HUMAN_OBSERVATION,No
Eucalyptus micranthera,iNaturalist Australia,HUMAN_OBSERVATION,No
Eucalyptus neutra,iNaturalist Australia,HUMAN_OBSERVATION,No
Eucalyptus nigrifunda,iNaturalist Australia,HUMAN_OBSERVATION,No
Eucalyptus obesa,iNaturalist Australia,HUMAN_OBSERVATION,No
Eucalyptus olida,iNaturalist Australia,HUMAN_OBSERVATION,No
Eucalyptus pachyloma,iNaturalist Australia,HUMAN_OBSERVATION,No
Eucalyptus panda,iNaturalist Australia,HUMAN_OBSERVATION,No
Eucalyptus platydisca,iNaturalist Australia,HUMAN_OBSERVATION,No
Eucalyptus psammitica,iNaturalist Australia,HUMAN_OBSERVATION,No
Eucalyptus rubiginosa,iNaturalist Australia,HUMAN_OBSERVATION,No
Eucalyptus sphaerocarpa,iNaturalist Australia,HUMAN_OBSERVATION,No
Eucalyptus spreta,iNaturalist Australia,HUMAN_OBSERVATION,No
Eucalyptus stoatei,iNaturalist Australia,HUMAN_OBSERVATION,No
Eucalyptus subtilis,iNaturalist Australia,HUMAN_OBSERVATION,No
Euphorbia planitiicola,iNaturalist Australia,HUMAN_OBSERVATION,No
Euphorbia porcata,iNaturalist Australia,HUMAN_OBSERVATION,No
Euryomyrtus maidenii,iNaturalist Australia,HUMAN_OBSERVATION,No
Excoecaria parvifolia,iNaturalist Australia,HUMAN_OBSERVATION,No
Fontainea oraria,iNaturalist Australia,HUMAN_OBSERVATION,No
Gossia shepherdii,iNaturalist Australia,HUMAN_OBSERVATION,No
Grewia australis,iNaturalist Australia,HUMAN_OBSERVATION,No
Grewia graniticola,iNaturalist Australia,HUMAN_OBSERVATION,No
Guichenotia angustifolia,iNaturalist Australia,HUMAN_OBSERVATION,No
Guichenotia intermedia,iNaturalist Australia,HUMAN_OBSERVATION,No
Guichenotia sarotes,iNaturalist Australia,HUMAN_OBSERVATION,No
Gynatrix macrophylla,iNaturalist Australia,HUMAN_OBSERVATION,No
Hannafordia bissillii,iNaturalist Australia,HUMAN_OBSERVATION,No
Hannafordia shanesii,iNaturalist Australia,HUMAN_OBSERVATION,No
Helicteres darwinensis,iNaturalist Australia,HUMAN_OBSERVATION,No
Helicteres semiglabra,iNaturalist Australia,HUMAN_OBSERVATION,No
Hibiscus drummondii,iNaturalist Australia,HUMAN_OBSERVATION,No
Hibiscus townsvillensis,iNaturalist Australia,HUMAN_OBSERVATION,No
Homalocalyx staminosus,iNaturalist Australia,HUMAN_OBSERVATION,No
Homoranthus binghiensis,iNaturalist Australia,HUMAN_OBSERVATION,No
Homoranthus prolixus,iNaturalist Australia,HUMAN_OBSERVATION,No
Hypocalymma hirsutum,iNaturalist Australia,HUMAN_OBSERVATION,No
Kunzea badjaensis,iNaturalist Australia,HUMAN_OBSERVATION,No
Kunzea micromera,iNaturalist Australia,HUMAN_OBSERVATION,No
Kunzea rupestris,iNaturalist Australia,HUMAN_OBSERVATION,No
Lasiopetalum angustifolium,iNaturalist Australia,HUMAN_OBSERVATION,No
Lasiopetalum fitzgibbonii,iNaturalist Australia,HUMAN_OBSERVATION,Yes
Lasiopetalum micranthum,iNaturalist Australia,HUMAN_OBSERVATION,No
Lasiopetalum molle,iNaturalist Australia,HUMAN_OBSERVATION,No
Lasiopetalum monticola,iNaturalist Australia,HUMAN_OBSERVATION,No
Lasiopetalum oppositifolium,iNaturalist Australia,HUMAN_OBSERVATION,No
Lawrencia viridigrisea,iNaturalist Australia,HUMAN_OBSERVATION,No
Leptospermum argenteum,iNaturalist Australia,HUMAN_OBSERVATION,No
Leptospermum blakelyi,iNaturalist Australia,HUMAN_OBSERVATION,No
Leptospermum fastigiatum,iNaturalist Australia,HUMAN_OBSERVATION,No
Leptospermum lamellatum,iNaturalist Australia,HUMAN_OBSERVATION,No
Leptospermum namadgiense,iNaturalist Australia,HUMAN_OBSERVATION,No
Mallotus ficifolius,iNaturalist Australia,HUMAN_OBSERVATION,No
Neoroepera buxifolia,iNaturalist Australia,HUMAN_OBSERVATION,No
Petalostigma quadriloculare,iNaturalist Australia,HUMAN_OBSERVATION,No
Phyllanthus erwinii,iNaturalist Australia,HUMAN_OBSERVATION,No
Phyllanthus lacerosus,iNaturalist Australia,HUMAN_OBSERVATION,No
Pimelea chlorina,iNaturalist Australia,HUMAN_OBSERVATION,No
Pimelea erecta,iNaturalist Australia,HUMAN_OBSERVATION,No
Pimelea forrestiana,iNaturalist Australia,HUMAN_OBSERVATION,No
Pimelea graniticola,iNaturalist Australia,HUMAN_OBSERVATION,No
Pimelea holroydii,iNaturalist Australia,HUMAN_OBSERVATION,Yes
Pimelea pendens,iNaturalist Australia,HUMAN_OBSERVATION,No
Pimelea petrophila,iNaturalist Australia,HUMAN_OBSERVATION,No
Pimelea sessilis,iNaturalist Australia,HUMAN_OBSERVATION,No
Pimelea spiculigera,iNaturalist Australia,HUMAN_OBSERVATION,No
Pimelea treyvaudii,iNaturalist Australia,HUMAN_OBSERVATION,No
Ricinocarpos muricatus,iNaturalist Australia,HUMAN_OBSERVATION,No
Ricinocarpos psilocladus,iNaturalist Australia,HUMAN_OBSERVATION,Yes
Rockinghamia brevipes,iNaturalist Australia,HUMAN_OBSERVATION,No
Rotala diandra,iNaturalist Australia,HUMAN_OBSERVATION,No
Sauropus ramosissimus,iNaturalist Australia,HUMAN_OBSERVATION,No
Seringia hookeriana,iNaturalist Australia,HUMAN_OBSERVATION,No
Shonia tristigma,iNaturalist Australia,HUMAN_OBSERVATION,No
Sida atherophora,iNaturalist Australia,HUMAN_OBSERVATION,No
Sida brownii,iNaturalist Australia,HUMAN_OBSERVATION,No
Sida echinocarpa,iNaturalist Australia,HUMAN_OBSERVATION,No
Sida goniocarpa,iNaturalist Australia,HUMAN_OBSERVATION,No
Sida spodochroma,iNaturalist Australia,HUMAN_OBSERVATION,No
Stigmaphyllon australiense,iNaturalist Australia,HUMAN_OBSERVATION,No
Synostemon rhytidospermus,iNaturalist Australia,HUMAN_OBSERVATION,No
Terminalia carpentariae,iNaturalist Australia,HUMAN_OBSERVATION,No
Thomasia foliosa,iNaturalist Australia,HUMAN_OBSERVATION,No
Triumfetta micracantha,iNaturalist Australia,HUMAN_OBSERVATION,No
Viola improcera,iNaturalist Australia,HUMAN_OBSERVATION,No
Xylosma parvifolia,iNaturalist Australia,HUMAN_OBSERVATION,Yes
Aceratium doggrellii,iNaturalist Australia,HUMAN_OBSERVATION,No
Aglaia argentea,iNaturalist Australia,HUMAN_OBSERVATION,No
Amyema biniflora,iNaturalist Australia,HUMAN_OBSERVATION,No
Amyema whitei,iNaturalist Australia,HUMAN_OBSERVATION,No
Anthobolus foveolatus,iNaturalist Australia,HUMAN_OBSERVATION,No
Antiaris toxicaria,iNaturalist Australia,HUMAN_OBSERVATION,No
Asplenium baileyanum,iNaturalist Australia,HUMAN_OBSERVATION,No
Asplenium hookerianum,iNaturalist Australia,HUMAN_OBSERVATION,No
Asplenium surrogatum,iNaturalist Australia,HUMAN_OBSERVATION,No
Asterolasia drummondii,iNaturalist Australia,HUMAN_OBSERVATION,No
Blechnum contiguum,iNaturalist Australia,HUMAN_OBSERVATION,No
Blechnum fullagari,iNaturalist Australia,HUMAN_OBSERVATION,Yes
Blechnum howeanum,iNaturalist Australia,HUMAN_OBSERVATION,No
Boronia anceps,iNaturalist Australia,HUMAN_OBSERVATION,No
Boronia foetida,iNaturalist Australia,HUMAN_OBSERVATION,Yes
Choretrum chrysanthum,iNaturalist Australia,HUMAN_OBSERVATION,No
Clematicissus angustissima,iNaturalist Australia,HUMAN_OBSERVATION,No
Cryptandra aridicola,iNaturalist Australia,HUMAN_OBSERVATION,No
Cryptandra armata,iNaturalist Australia,HUMAN_OBSERVATION,No
Cryptandra intermedia,iNaturalist Australia,HUMAN_OBSERVATION,No
Cryptandra multispina,iNaturalist Australia,HUMAN_OBSERVATION,No
Cryptandra mutila,iNaturalist Australia,HUMAN_OBSERVATION,No
Cryptandra speciosa,iNaturalist Australia,HUMAN_OBSERVATION,No
Cryptandra spyridioides,iNaturalist Australia,HUMAN_OBSERVATION,No
Cyathea brevipinna,iNaturalist Australia,HUMAN_OBSERVATION,No
Cyathea howeana,iNaturalist Australia,HUMAN_OBSERVATION,No
Cyathea robusta,iNaturalist Australia,HUMAN_OBSERVATION,No
Decaisnina triflora,iNaturalist Australia,HUMAN_OBSERVATION,No
Dendrophthoe acacioides,iNaturalist Australia,HUMAN_OBSERVATION,No
Dicksonia herbertii,iNaturalist Australia,HUMAN_OBSERVATION,No
Dimocarpus australianus,iNaturalist Australia,HUMAN_OBSERVATION,No
Diplatia tomentosa,iNaturalist Australia,HUMAN_OBSERVATION,No
Diploglottis bracteata,iNaturalist Australia,HUMAN_OBSERVATION,No
Diplolaena ferruginea,iNaturalist Australia,HUMAN_OBSERVATION,No
Diplopeltis petiolaris,iNaturalist Australia,HUMAN_OBSERVATION,No
Diplopterygium longissimum,iNaturalist Australia,HUMAN_OBSERVATION,No
Dodonaea amblyophylla,iNaturalist Australia,HUMAN_OBSERVATION,No
Dodonaea caespitosa,iNaturalist Australia,HUMAN_OBSERVATION,No
Dodonaea concinna,iNaturalist Australia,HUMAN_OBSERVATION,Yes
Dodonaea dodecandra,iNaturalist Australia,HUMAN_OBSERVATION,No
Dodonaea humifusa,iNaturalist Australia,HUMAN_OBSERVATION,No
Dodonaea larreoides,iNaturalist Australia,HUMAN_OBSERVATION,No
Dodonaea rigida,iNaturalist Australia,HUMAN_OBSERVATION,No
Dodonaea uncinata,iNaturalist Australia,HUMAN_OBSERVATION,No
Dysoxylum alliaceum,iNaturalist Australia,HUMAN_OBSERVATION,No
Elaeocarpus costatus,iNaturalist Australia,HUMAN_OBSERVATION,No
Elaeocarpus foveolatus,iNaturalist Australia,HUMAN_OBSERVATION,No
Elaeocarpus hylobroma,iNaturalist Australia,HUMAN_OBSERVATION,No
Epilobium perpusillum,iNaturalist Australia,HUMAN_OBSERVATION,No
Epilobium tetragonum,iNaturalist Australia,HUMAN_OBSERVATION,No
Exocarpos homalocladus,iNaturalist Australia,HUMAN_OBSERVATION,Yes
Ficus atricha,iNaturalist Australia,HUMAN_OBSERVATION,No
Garuga floribunda,iNaturalist Australia,HUMAN_OBSERVATION,No
Gillbeea whypallana,iNaturalist Australia,HUMAN_OBSERVATION,No
Gleichenia abscida,iNaturalist Australia,HUMAN_OBSERVATION,No
Grammitis diminuta,iNaturalist Australia,HUMAN_OBSERVATION,No
Guioa coriacea,iNaturalist Australia,HUMAN_OBSERVATION,No
Hymenophyllum pumilum,iNaturalist Australia,HUMAN_OBSERVATION,Yes
Korthalsella emersa,iNaturalist Australia,HUMAN_OBSERVATION,Yes
Leionema equestre,iNaturalist Australia,HUMAN_OBSERVATION,No
Leptomeria pauciflora,iNaturalist Australia,HUMAN_OBSERVATION,No
Lindsaea trichomanoides,iNaturalist Australia,HUMAN_OBSERVATION,No
Lysiana filifolia,iNaturalist Australia,HUMAN_OBSERVATION,No
Melaleuca acutifolia,iNaturalist Australia,HUMAN_OBSERVATION,No
Melaleuca atroviridis,iNaturalist Australia,HUMAN_OBSERVATION,Yes
Melaleuca campanae,iNaturalist Australia,HUMAN_OBSERVATION,No
Melaleuca citrolens,iNaturalist Australia,HUMAN_OBSERVATION,No
Melaleuca conothamnoides,iNaturalist Australia,HUMAN_OBSERVATION,No
Melaleuca dissitiflora,iNaturalist Australia,HUMAN_OBSERVATION,No
Melaleuca eurystoma,iNaturalist Australia,HUMAN_OBSERVATION,No
Melaleuca haplantha,iNaturalist Australia,HUMAN_OBSERVATION,No
Melaleuca huttensis,iNaturalist Australia,HUMAN_OBSERVATION,No
Melaleuca marginata,iNaturalist Australia,HUMAN_OBSERVATION,No
Melaleuca phoidophylla,iNaturalist Australia,HUMAN_OBSERVATION,Yes
Melaleuca pritzelii,iNaturalist Australia,HUMAN_OBSERVATION,Yes
Melaleuca stenostachya,iNaturalist Australia,HUMAN_OBSERVATION,No
Melaleuca tinkeri,iNaturalist Australia,HUMAN_OBSERVATION,No
Melaleuca vinnula,iNaturalist Australia,HUMAN_OBSERVATION,No
Melaleuca violacea,iNaturalist Australia,HUMAN_OBSERVATION,No
Melicope contermina,iNaturalist Australia,HUMAN_OBSERVATION,Yes
Melicope polybotrya,iNaturalist Australia,HUMAN_OBSERVATION,No
Micromyrtus albicans,iNaturalist Australia,HUMAN_OBSERVATION,Yes
Micromyrtus sulphurea,iNaturalist Australia,HUMAN_OBSERVATION,No
Microsorum australiense,iNaturalist Australia,HUMAN_OBSERVATION,No
Mischocarpus montanus,iNaturalist Australia,HUMAN_OBSERVATION,No
Muiriantha hassellii,iNaturalist Australia,HUMAN_OBSERVATION,No
Notothixos leiophyllus,iNaturalist Australia,HUMAN_OBSERVATION,No
Ochrosperma oligomerum,iNaturalist Australia,HUMAN_OBSERVATION,No
Ophioglossum polyphyllum,iNaturalist Australia,HUMAN_OBSERVATION,No
Parietaria officinalis,iNaturalist Australia,HUMAN_OBSERVATION,No
Pericalymma spongiocaule,iNaturalist Australia,HUMAN_OBSERVATION,No
Phebalium lowanense,iNaturalist Australia,HUMAN_OBSERVATION,No
Phebalium megaphyllum,iNaturalist Australia,HUMAN_OBSERVATION,No
Phebalium verrucosum,iNaturalist Australia,HUMAN_OBSERVATION,No
Philotheca brevifolia,iNaturalist Australia,HUMAN_OBSERVATION,No
Philotheca fitzgeraldii,iNaturalist Australia,HUMAN_OBSERVATION,Yes
Philotheca pinoides,iNaturalist Australia,HUMAN_OBSERVATION,No
Philotheca thryptomenoides,iNaturalist Australia,HUMAN_OBSERVATION,No
Philotheca tomentella,iNaturalist Australia,HUMAN_OBSERVATION,No
Pileanthus bellus,iNaturalist Australia,HUMAN_OBSERVATION,No
Polianthion wichurae,iNaturalist Australia,HUMAN_OBSERVATION,No
Polystichum formosum,iNaturalist Australia,HUMAN_OBSERVATION,No
Pomaderris canescens,iNaturalist Australia,HUMAN_OBSERVATION,No
Pomaderris graniticola,iNaturalist Australia,HUMAN_OBSERVATION,Yes
Pomaderris ledifolia,iNaturalist Australia,HUMAN_OBSERVATION,No
Pomaderris myrtilloides,iNaturalist Australia,HUMAN_OBSERVATION,No
Pomaderris subcapitata,iNaturalist Australia,HUMAN_OBSERVATION,No
Rinzia carnosa,iNaturalist Australia,HUMAN_OBSERVATION,No
Rinzia schollerifolia,iNaturalist Australia,HUMAN_OBSERVATION,No
Roepera eichleri,iNaturalist Australia,HUMAN_OBSERVATION,No
Roepera kochii,iNaturalist Australia,HUMAN_OBSERVATION,Yes
Roepera reticulata,iNaturalist Australia,HUMAN_OBSERVATION,No
Sageretia hamosa,iNaturalist Australia,HUMAN_OBSERVATION,No
Sannantha crassa,iNaturalist Australia,HUMAN_OBSERVATION,Yes
Spyridium bifidum,iNaturalist Australia,HUMAN_OBSERVATION,No
Spyridium daltonii,iNaturalist Australia,HUMAN_OBSERVATION,No
Stenanthemum complicatum,iNaturalist Australia,HUMAN_OBSERVATION,Yes
Stenanthemum humile,iNaturalist Australia,HUMAN_OBSERVATION,No
Stenanthemum intricatum,iNaturalist Australia,HUMAN_OBSERVATION,No
Syzygium cryptophlebium,iNaturalist Australia,HUMAN_OBSERVATION,No
Syzygium eucalyptoides,iNaturalist Australia,HUMAN_OBSERVATION,No
Taxandria angustifolia,iNaturalist Australia,HUMAN_OBSERVATION,Yes
Taxandria inundata,iNaturalist Australia,HUMAN_OBSERVATION,No
Tetratheca efoliata,iNaturalist Australia,HUMAN_OBSERVATION,No
Tetratheca filiformis,iNaturalist Australia,HUMAN_OBSERVATION,No
Tetratheca paucifolia,iNaturalist Australia,HUMAN_OBSERVATION,Yes
Tetratheca pilifera,iNaturalist Australia,HUMAN_OBSERVATION,No
Thryptomene mucronulata,iNaturalist Australia,HUMAN_OBSERVATION,No
Tribulus occidentalis,iNaturalist Australia,HUMAN_OBSERVATION,No
Trymalium daphnifolium,iNaturalist Australia,HUMAN_OBSERVATION,No
Verticordia aereiflora,iNaturalist Australia,HUMAN_OBSERVATION,No
Verticordia apecta,iNaturalist Australia,HUMAN_OBSERVATION,No
Verticordia brownii,iNaturalist Australia,HUMAN_OBSERVATION,No
Verticordia comosa,iNaturalist Australia,HUMAN_OBSERVATION,No
Verticordia fastigiata,iNaturalist Australia,HUMAN_OBSERVATION,No
Verticordia humilis,iNaturalist Australia,HUMAN_OBSERVATION,No
Verticordia lepidophylla,iNaturalist Australia,HUMAN_OBSERVATION,No
Verticordia pholidophylla,iNaturalist Australia,HUMAN_OBSERVATION,No
Verticordia serrata,iNaturalist Australia,HUMAN_OBSERVATION,No
Xanthostemon graniticus,iNaturalist Australia,HUMAN_OBSERVATION,No
Zieria robertsiorum,iNaturalist Australia,HUMAN_OBSERVATION,No
