canonical_name,factsheet,picture_url,photo
Boerhavia paludosa,http://eflora.nt.gov.au/factsheet?id=3985,http://eflora.nt.gov.au/ntflora/sd_doc_serv//downloadTN.htm?UUID=00MOAZC2DHZ1SY0TNVY0S0TRDRG4RAS9,yes
Triflorensia australis,http://eflora.nt.gov.au/factsheet?id=20330,http://eflora.nt.gov.au/ntflora/sd_doc_serv//downloadTN.htm?UUID=03L2G7HYMT936AYGJHZ7BUGTA1VU3ZS2,yes
Polycarpaea incana,http://eflora.nt.gov.au/factsheet?id=1058,http://eflora.nt.gov.au/ntflora/sd_doc_serv//downloadTN.htm?UUID=04O6D5EXR70YXPZW3C1YWU6QN9ZTKHF8,no
Psydrax ammophila,http://eflora.nt.gov.au/factsheet?id=20364,http://eflora.nt.gov.au/ntflora/sd_doc_serv//downloadTN.htm?UUID=04YYMKM04QVINSN1CIGV2H3W3QDQ1JTF,yes
Polycarpaea violacea,http://eflora.nt.gov.au/factsheet?id=1070,http://eflora.nt.gov.au/ntflora/sd_doc_serv//downloadTN.htm?UUID=067SEQKAQKESO2G15Y9OHR9Q4U0REUZP,no
Verbena macrostachya,http://eflora.nt.gov.au/factsheet?id=20495,http://eflora.nt.gov.au/ntflora/sd_doc_serv//downloadTN.htm?UUID=07D7FYBQ7FS3HSW0GFEWL1SAF4W4TLXF,yes
Helicteres hirsuta,http://eflora.nt.gov.au/factsheet?id=5659,http://eflora.nt.gov.au/ntflora/sd_doc_serv//downloadTN.htm?UUID=09HY0ECKJIWDV7YABTBKR433PD4BMMFJ,yes
Grevillea brevis,http://eflora.nt.gov.au/factsheet?id=5025,http://eflora.nt.gov.au/ntflora/sd_doc_serv//downloadTN.htm?UUID=0ATUA9U9GFADGQCL94PP2GKHRJB8Z96K,yes
Hullsia argillicola,http://eflora.nt.gov.au/factsheet?id=24888,http://eflora.nt.gov.au/ntflora/sd_doc_serv//downloadTN.htm?UUID=0C2QOB8S5BJ354QTU0JTJPRKM7EAW6DU,yes
Ficus cerasicarpa,http://eflora.nt.gov.au/factsheet?id=22125,http://eflora.nt.gov.au/ntflora/sd_doc_serv//downloadTN.htm?UUID=0C3HLSHD9F4BODZFG6Q7W5TS0EC6WRBY,no
Alysicarpus schomburgkii,http://eflora.nt.gov.au/factsheet?id=20195,http://eflora.nt.gov.au/ntflora/sd_doc_serv//downloadTN.htm?UUID=0CJSM2TSWU8MM34XG55L36X6IQ1X4YAV,yes
Typhonium jonesii,http://eflora.nt.gov.au/factsheet?id=323,http://eflora.nt.gov.au/ntflora/sd_doc_serv//downloadTN.htm?UUID=0E83IV8N94RVPAFNVQWDAKD1IXVOKLIF,yes
Comesperma viscidulum,http://eflora.nt.gov.au/factsheet?id=4906,http://eflora.nt.gov.au/ntflora/sd_doc_serv//downloadTN.htm?UUID=0EP9ARTLQG60GZ9GVJWR605BTUXPY1MD,yes
Lithomyrtus linariifolia,http://eflora.nt.gov.au/factsheet?id=21030,http://eflora.nt.gov.au/ntflora/sd_doc_serv//downloadTN.htm?UUID=0GSIXVAWQSC82I2LVT3CWUU59WE3ELI4,yes
Dysoxylum acutangulum,http://eflora.nt.gov.au/factsheet?id=3329,http://eflora.nt.gov.au/ntflora/sd_doc_serv//downloadTN.htm?UUID=0IA118CZS99A60WLEJFI8J3FMYAO4U8N,yes
Seorsus intratropicus,http://eflora.nt.gov.au/factsheet?id=3740,http://eflora.nt.gov.au/ntflora/sd_doc_serv//downloadTN.htm?UUID=0JKNPA2JRT8QQPSPOR1VHJGZ249OL9AA,yes
Helicteres tenuipila,http://eflora.nt.gov.au/factsheet?id=5652,http://eflora.nt.gov.au/ntflora/sd_doc_serv//downloadTN.htm?UUID=0K3L6P33PQLMTZ5RN52V6HIG54OQ8WN7,yes
Syzygium armstrongii,http://eflora.nt.gov.au/factsheet?id=3941,http://eflora.nt.gov.au/ntflora/sd_doc_serv//downloadTN.htm?UUID=0MELIEQLS3JCHSODK5KGSQIO7I4CS979,yes
Hibbertia muelleri,http://eflora.nt.gov.au/factsheet?id=1839,http://eflora.nt.gov.au/ntflora/sd_doc_serv//downloadTN.htm?UUID=0MTCNIDNM3ECIYR3WNJ58XSL3C8J3PJ6,yes
Fimbristylis nuda,http://eflora.nt.gov.au/factsheet?id=1706,http://eflora.nt.gov.au/ntflora/sd_doc_serv//downloadTN.htm?UUID=0NGMS7OCIJWNNAEDMLQKDD1PLY3L4ZRI,yes
Hibiscus bacalusius,http://eflora.nt.gov.au/factsheet?id=22304,http://eflora.nt.gov.au/ntflora/sd_doc_serv//downloadTN.htm?UUID=0OFAUYZP20GYT70YHAJTJKC9CLNC8KH4,no
Pimelea sanguinea,http://eflora.nt.gov.au/factsheet?id=5769,http://eflora.nt.gov.au/ntflora/sd_doc_serv//downloadTN.htm?UUID=0PHVY6VV5ZVI3BCMFWNHJ9K4QZ0C85P8,yes
Rhynchosia australis,http://eflora.nt.gov.au/factsheet?id=2421,http://eflora.nt.gov.au/ntflora/sd_doc_serv//downloadTN.htm?UUID=0PK2EN3E9DFS577ZRUACJVUIQT5DHIMQ,no
Mucuna reptans,http://eflora.nt.gov.au/factsheet?id=2384,http://eflora.nt.gov.au/ntflora/sd_doc_serv//downloadTN.htm?UUID=0POYX08MDRIXNUERTRYHOGHAX1TX6NJZ,no
Calandrinia spergularina,http://eflora.nt.gov.au/factsheet?id=25184,http://eflora.nt.gov.au/ntflora/sd_doc_serv//downloadTN.htm?UUID=0RRXLKSJO6WY747E1FGR03HIUBYPWL79,yes
Glinus sessiliflorus,http://eflora.nt.gov.au/factsheet?id=23706,http://eflora.nt.gov.au/ntflora/sd_doc_serv//downloadTN.htm?UUID=0TQTIU2PSPK12E0DJ9DNT1PK2956RCZY,no
Gymnanthera cunninghamii,http://eflora.nt.gov.au/factsheet?id=386,http://eflora.nt.gov.au/ntflora/sd_doc_serv//downloadTN.htm?UUID=0VRVO85KN5QXSHOLDBNRJ81FIVPJXISV,yes
Cyperus macrostachyos,http://eflora.nt.gov.au/factsheet?id=1590,http://eflora.nt.gov.au/ntflora/sd_doc_serv//downloadTN.htm?UUID=0WD4PREPMU5LBHBII51KFPAHLL3R7NPT,no
Jacksonia remota,http://eflora.nt.gov.au/factsheet?id=27634,http://eflora.nt.gov.au/ntflora/sd_doc_serv//downloadTN.htm?UUID=0WW2T1VQPO2F65NPGFQ70BM2OT3CFHEK,yes
Calytrix inopinata,http://eflora.nt.gov.au/factsheet?id=3759,http://eflora.nt.gov.au/ntflora/sd_doc_serv//downloadTN.htm?UUID=0XBF2MOJLPVBYYX6HN6RAAOFDQWX70AK,yes
Eremophila acrida,http://eflora.nt.gov.au/factsheet?id=3678,http://eflora.nt.gov.au/ntflora/sd_doc_serv//downloadTN.htm?UUID=0Y8SI5CNL8DB5ID2OU32XVDEK7KCTJ9B,yes
Hibiscus setulosus,http://eflora.nt.gov.au/factsheet?id=21131,http://eflora.nt.gov.au/ntflora/sd_doc_serv//downloadTN.htm?UUID=0YJ210IXL768M1CUZ9HIIU5LS47OR9JI,yes
Grevillea glabrescens,http://eflora.nt.gov.au/factsheet?id=5036,http://eflora.nt.gov.au/ntflora/sd_doc_serv//downloadTN.htm?UUID=0YX58QX7N445ALGAP2WC0CU537554KTF,yes
Isotropis faucicola,http://eflora.nt.gov.au/factsheet?id=2335,http://eflora.nt.gov.au/ntflora/sd_doc_serv//downloadTN.htm?UUID=10V6RL893UUG2Q3GMHMRXDB1C311FYLP,yes
Cassytha candida,http://eflora.nt.gov.au/factsheet?id=2889,http://eflora.nt.gov.au/ntflora/sd_doc_serv//downloadTN.htm?UUID=13F4XKN3UK98DEKKT47JFMLV5D23I2O7,no
Blumea tenella,http://eflora.nt.gov.au/factsheet?id=478,http://eflora.nt.gov.au/ntflora/sd_doc_serv//downloadTN.htm?UUID=17BWQQVH416FE4G2O2TZ40BN08VFLFO1,yes
Heliotropium pleiopterum,http://eflora.nt.gov.au/factsheet?id=12135,http://eflora.nt.gov.au/ntflora/sd_doc_serv//downloadTN.htm?UUID=17F1AL963AE62QKGV6260X7W3QMXYZHU,yes
Triodia triticoides,http://eflora.nt.gov.au/factsheet?id=22537,http://eflora.nt.gov.au/ntflora/sd_doc_serv//downloadTN.htm?UUID=19PQ5DQKDLWBVM3UJ52DMGSY6VQO1PJG,yes
Hakea standleyensis,http://eflora.nt.gov.au/factsheet?id=5074,http://eflora.nt.gov.au/ntflora/sd_doc_serv//downloadTN.htm?UUID=1BN8DPL7S67Y3B9INELWDIISBCPLRGYS,yes
Sclerolaena urceolata,http://eflora.nt.gov.au/factsheet?id=1282,http://eflora.nt.gov.au/ntflora/sd_doc_serv//downloadTN.htm?UUID=1BQHVKNVRSFQ4W52JDD8UBFJQJ17GFT5,yes
Tephrosia reticulata,http://eflora.nt.gov.au/factsheet?id=2516,http://eflora.nt.gov.au/ntflora/sd_doc_serv//downloadTN.htm?UUID=1CTY1OMBPV3UMXZW7HQSPA2JSD0A6588,no
Crotalaria quinquefolia,http://eflora.nt.gov.au/factsheet?id=2200,http://eflora.nt.gov.au/ntflora/sd_doc_serv//downloadTN.htm?UUID=1D7LG11PHBT8881EEKR73IV381XKF4KO,yes
Canavalia cathartica,http://eflora.nt.gov.au/factsheet?id=2165,http://eflora.nt.gov.au/ntflora/sd_doc_serv//downloadTN.htm?UUID=1DJCAQ3XDULB376TFSY2YN50WIGTYZ1A,yes
Gomphrena diffusa,http://eflora.nt.gov.au/factsheet?id=20536,http://eflora.nt.gov.au/ntflora/sd_doc_serv//downloadTN.htm?UUID=1E1M6M3ZVKYQ0BC9AJ4SFPXS1553UI1G,yes
Typhonium cochleare,http://eflora.nt.gov.au/factsheet?id=321,http://eflora.nt.gov.au/ntflora/sd_doc_serv//downloadTN.htm?UUID=1E62JO2K9GD9QJFUKWH2FB813IFMR3Q6,yes
Teucrium grandiusculum,http://eflora.nt.gov.au/factsheet?id=2881,http://eflora.nt.gov.au/ntflora/sd_doc_serv//downloadTN.htm?UUID=1F0U1HGD4P3OCBSMOP8649F0XZSS8AFU,yes
Sarcolobus hullsii,http://eflora.nt.gov.au/factsheet?id=411,http://eflora.nt.gov.au/ntflora/sd_doc_serv//downloadTN.htm?UUID=1GXJCM0QMQ08CYTBJAL3MCDH3DGQHL25,yes
Polygala glaucifolia,http://eflora.nt.gov.au/factsheet?id=25318,http://eflora.nt.gov.au/ntflora/sd_doc_serv//downloadTN.htm?UUID=1I1SAO0SR8J6L5KNFHLX67Y7ZWAWU6RZ,yes
Phaleria macrocarpa,http://eflora.nt.gov.au/factsheet?id=23499,http://eflora.nt.gov.au/ntflora/sd_doc_serv//downloadTN.htm?UUID=1IMX033WL7FBRDC6JQCULPNAJ3MWEUHB,yes
Tephrosia oblongata,http://eflora.nt.gov.au/factsheet?id=2509,http://eflora.nt.gov.au/ntflora/sd_doc_serv//downloadTN.htm?UUID=1JD8LLNC0LXL41K6K0H61GM6Y6DGA344,yes
Stemona australiana,http://eflora.nt.gov.au/factsheet?id=5624,http://eflora.nt.gov.au/ntflora/sd_doc_serv//downloadTN.htm?UUID=1LNH7RLKHXRZUDR85RX5O2EE4SPOPUXU,yes
Haemodorum leptostachyum,http://eflora.nt.gov.au/factsheet?id=20291,http://eflora.nt.gov.au/ntflora/sd_doc_serv//downloadTN.htm?UUID=1LVDAN405RRZEMUSP67Z7L48YAXSSQUF,yes
Gardenia schwarzii,http://eflora.nt.gov.au/factsheet?id=19531,http://eflora.nt.gov.au/ntflora/sd_doc_serv//downloadTN.htm?UUID=1PHK47R6S96AT7XE7ACIANNQAIS65WP0,yes
Tephrosia simplicifolia,http://eflora.nt.gov.au/factsheet?id=2518,http://eflora.nt.gov.au/ntflora/sd_doc_serv//downloadTN.htm?UUID=1PSXBV63PP8W12S70VYTBCF8LWAMW4PB,yes
Goodenia elaiosoma,http://eflora.nt.gov.au/factsheet?id=22274,http://eflora.nt.gov.au/ntflora/sd_doc_serv//downloadTN.htm?UUID=1Q1IMNF44AADX2QIE8N00NGFXD8KG5IY,yes
Amperea spicata,http://eflora.nt.gov.au/factsheet?id=1942,http://eflora.nt.gov.au/ntflora/sd_doc_serv//downloadTN.htm?UUID=1RJAR5AQRSGDK6BGMPTBZF2I9IFJAROE,yes
Brachyscome blackii,http://eflora.nt.gov.au/factsheet?id=481,http://eflora.nt.gov.au/ntflora/sd_doc_serv//downloadTN.htm?UUID=1RRPW6JE5TASPI21TJT8J3T524MSNJ27,yes
Solanum eardleyae,http://eflora.nt.gov.au/factsheet?id=5582,http://eflora.nt.gov.au/ntflora/sd_doc_serv//downloadTN.htm?UUID=1RVT8YJJYBHJ8USM0H9NFHYF3ADDKFW0,yes
Butomopsis latifolia,http://eflora.nt.gov.au/factsheet?id=3019,http://eflora.nt.gov.au/ntflora/sd_doc_serv//downloadTN.htm?UUID=1TAUQIPRL6YXQYEN7RHF59JOSUNNTP14,yes
Nephrolepis arida,http://eflora.nt.gov.au/factsheet?id=15527,http://eflora.nt.gov.au/ntflora/sd_doc_serv//downloadTN.htm?UUID=1VKJ84BAKJEGZ65F189MTXNIV43PY344,yes
Goodenia goodeniacea,http://eflora.nt.gov.au/factsheet?id=2639,http://eflora.nt.gov.au/ntflora/sd_doc_serv//downloadTN.htm?UUID=1X6V4HY378H3J2AEK79W1VAEQT7CD9Z1,yes
Vittadinia spechtii,http://eflora.nt.gov.au/factsheet?id=19866,http://eflora.nt.gov.au/ntflora/sd_doc_serv//downloadTN.htm?UUID=1XHW5ZB9K0ZGXC47PSSPFULK977H2CWU,yes
Eriocaulon spectabile,http://eflora.nt.gov.au/factsheet?id=1926,http://eflora.nt.gov.au/ntflora/sd_doc_serv//downloadTN.htm?UUID=20PW2TSBLS7FK8B2A82Z98C55CW73B45,no
Rhynchosia filiformis,http://eflora.nt.gov.au/factsheet?id=22659,http://eflora.nt.gov.au/ntflora/sd_doc_serv//downloadTN.htm?UUID=236PCQ8O8UPD2Y77RZA77BA47GWPF7CR,yes
Pupalia lappacea,http://eflora.nt.gov.au/factsheet?id=204,http://eflora.nt.gov.au/ntflora/sd_doc_serv//downloadTN.htm?UUID=24BMOU3WI2L7X1QTXZSFG9MZUZWXBP61,yes
Laxmannia arida,http://eflora.nt.gov.au/factsheet?id=2997,http://eflora.nt.gov.au/ntflora/sd_doc_serv//downloadTN.htm?UUID=27PIJT6Z7MONBDWB5LHI5KO151UTE4VE,yes
Tephrosia coriacea,http://eflora.nt.gov.au/factsheet?id=2491,http://eflora.nt.gov.au/ntflora/sd_doc_serv//downloadTN.htm?UUID=28M2MBF7JGCN5ZRQKMZOIG5D3PYZKMYD,yes
Synostemon lissocarpus,http://eflora.nt.gov.au/factsheet?id=2064,http://eflora.nt.gov.au/ntflora/sd_doc_serv//downloadTN.htm?UUID=28M8EN3RXV61MU0K0J60RIL3NGTE2C5C,yes
Ixiochlamys filicifolia,http://eflora.nt.gov.au/factsheet?id=584,http://eflora.nt.gov.au/ntflora/sd_doc_serv//downloadTN.htm?UUID=29YC0GDYU8RLSZ3CDGODNN48XMSLGFRI,yes
Swainsona acuticarinata,http://eflora.nt.gov.au/factsheet?id=2449,http://eflora.nt.gov.au/ntflora/sd_doc_serv//downloadTN.htm?UUID=2AB0R1KOKI6UR9NOYPDHMDLFKMAMK0ZI,yes
Goodenia anfracta,http://eflora.nt.gov.au/factsheet?id=2614,http://eflora.nt.gov.au/ntflora/sd_doc_serv//downloadTN.htm?UUID=2C5UTO1V61NAG3XOX31WX9Z23UD5ZRAE,yes
Trianthema rhynchocalyptrum,http://eflora.nt.gov.au/factsheet?id=83,http://eflora.nt.gov.au/ntflora/sd_doc_serv//downloadTN.htm?UUID=2CG7SDBTDDO77I7CFQECO73XPZ8IC34R,yes
Fimbristylis eremophila,http://eflora.nt.gov.au/factsheet?id=1691,http://eflora.nt.gov.au/ntflora/sd_doc_serv//downloadTN.htm?UUID=2ET1IM2W6E1CASWZMFSX7BDW12FJ8CGO,yes
Endiandra limnophila,http://eflora.nt.gov.au/factsheet?id=2898,http://eflora.nt.gov.au/ntflora/sd_doc_serv//downloadTN.htm?UUID=2FSIJFFLHV2KK1ZZRNMCKEUF3PRKRB5G,no
Boronia tolerans,http://eflora.nt.gov.au/factsheet?id=20235,http://eflora.nt.gov.au/ntflora/sd_doc_serv//downloadTN.htm?UUID=2I8LNK42NO4KATU9PAZYZJ5RTOBMBYB6,yes
Atriplex crassipes,http://eflora.nt.gov.au/factsheet?id=1118,http://eflora.nt.gov.au/ntflora/sd_doc_serv//downloadTN.htm?UUID=2ICW32K0BBK340QKEIW39JNU6Y9K2BUJ,yes
Schoenoplectiella lateriflora,http://eflora.nt.gov.au/factsheet?id=1777,http://eflora.nt.gov.au/ntflora/sd_doc_serv//downloadTN.htm?UUID=2JOP6CW0ADIKQWHYF8Y7BFY10X6SLNON,no
Triodia longiloba,http://eflora.nt.gov.au/factsheet?id=19948,http://eflora.nt.gov.au/ntflora/sd_doc_serv//downloadTN.htm?UUID=2MPXVD9703MA6U2CCVMZ5NP7FLO6PEVG,yes
Spermacoce argillacea,http://eflora.nt.gov.au/factsheet?id=23928,http://eflora.nt.gov.au/ntflora/sd_doc_serv//downloadTN.htm?UUID=2MVBD6T5DKLVSBCRXZZ4IF16HTJK9OHN,yes
Hibbertia brevipedunculata,http://eflora.nt.gov.au/factsheet?id=21101,http://eflora.nt.gov.au/ntflora/sd_doc_serv//downloadTN.htm?UUID=2P5K1GR1ZBWEH4PTN50FTVXIRFDWO0ZL,yes
Gossypium cunninghamii,http://eflora.nt.gov.au/factsheet?id=3186,http://eflora.nt.gov.au/ntflora/sd_doc_serv//downloadTN.htm?UUID=2PTD3POTK8QV9HA8FWBBHURE7DUWL01J,yes
Spermacoce reticulata,http://eflora.nt.gov.au/factsheet?id=23937,http://eflora.nt.gov.au/ntflora/sd_doc_serv//downloadTN.htm?UUID=2RKGOVHN8S8MZUMRYD3TQFR2TCR1NISQ,yes
Stylidium lobuliflorum,http://eflora.nt.gov.au/factsheet?id=5710,http://eflora.nt.gov.au/ntflora/sd_doc_serv//downloadTN.htm?UUID=2T2PE0BPGZMVF42LI2CTJZOR6ESZV54A,yes
Prostanthera schultzii,http://eflora.nt.gov.au/factsheet?id=2886,http://eflora.nt.gov.au/ntflora/sd_doc_serv//downloadTN.htm?UUID=2WNTFOSV0P919ZRN7IHK5XFXTI49G5MZ,yes
Flemingia trifoliastrum,http://eflora.nt.gov.au/factsheet?id=2279,http://eflora.nt.gov.au/ntflora/sd_doc_serv//downloadTN.htm?UUID=2XS6YHRVHE5Y926G7GPL64ESEV45QW0D,yes
Gomphrena magentitepala,http://eflora.nt.gov.au/factsheet?id=20526,http://eflora.nt.gov.au/ntflora/sd_doc_serv//downloadTN.htm?UUID=2YSIMEXSPYLZ98H4CR0FARZUUGPXDLJM,yes
Vittadinia virgata,http://eflora.nt.gov.au/factsheet?id=19868,http://eflora.nt.gov.au/ntflora/sd_doc_serv//downloadTN.htm?UUID=317TONMR2O5T9XMDSHE81ZCKRHBCAY13,yes
Hibbertia argyrochiton,http://eflora.nt.gov.au/factsheet?id=22454,http://eflora.nt.gov.au/ntflora/sd_doc_serv//downloadTN.htm?UUID=31LWINS7ALR2JE1D3PXNQL3ZSUFXZ2PL,yes
Triodia spicata,http://eflora.nt.gov.au/factsheet?id=4858,http://eflora.nt.gov.au/ntflora/sd_doc_serv//downloadTN.htm?UUID=31Q6BXXAXYFCBSA16M4FGGEFRDKEUU03,yes
Artocarpus glaucus,http://eflora.nt.gov.au/factsheet?id=3632,http://eflora.nt.gov.au/ntflora/sd_doc_serv//downloadTN.htm?UUID=31ZUNUD8VPLDB0I7UKTCBI4G35A22MAG,yes
Polycarpaea tenax,http://eflora.nt.gov.au/factsheet?id=1069,http://eflora.nt.gov.au/ntflora/sd_doc_serv//downloadTN.htm?UUID=33OXLNNER6S74DV78HEUCXNUAYDN6QQM,no
Chamaecrista nigricans,http://eflora.nt.gov.au/factsheet?id=943,http://eflora.nt.gov.au/ntflora/sd_doc_serv//downloadTN.htm?UUID=33PRAAJOVZ2ZWQIS8AGC5F93V63IYHLJ,no
Dunbaria rotundifolia,http://eflora.nt.gov.au/factsheet?id=2264,http://eflora.nt.gov.au/ntflora/sd_doc_serv//downloadTN.htm?UUID=3651WK7P7CVO63UGIFCTSL3NMIE6DZFT,no
Heliotropium inexplicitum,http://eflora.nt.gov.au/factsheet?id=831,http://eflora.nt.gov.au/ntflora/sd_doc_serv//downloadTN.htm?UUID=38EONO9TFNFH9SQQMLX6AVFXQR8MAY1Z,yes
Hibbertia alopecota,http://eflora.nt.gov.au/factsheet?id=22216,http://eflora.nt.gov.au/ntflora/sd_doc_serv//downloadTN.htm?UUID=3D0IZATEVYGPTUPT1P5445L495TKP6LT,yes
Ophioglossum intermedium,http://eflora.nt.gov.au/factsheet?id=4044,http://eflora.nt.gov.au/ntflora/sd_doc_serv//downloadTN.htm?UUID=3DWETEDW3SZ3MLMZFWV2K1YHQ1PG0FC0,yes
Hibbertia angulata,http://eflora.nt.gov.au/factsheet?id=22219,http://eflora.nt.gov.au/ntflora/sd_doc_serv//downloadTN.htm?UUID=3EPY697L1NRONKSHS7GRSLDR3OU2JB8J,yes
Maireana schistocarpa,http://eflora.nt.gov.au/factsheet?id=1218,http://eflora.nt.gov.au/ntflora/sd_doc_serv//downloadTN.htm?UUID=3H31E435US4Q9AF7NACUPMNY5BR34NLO,yes
Sclerolaena deserticola,http://eflora.nt.gov.au/factsheet?id=1262,http://eflora.nt.gov.au/ntflora/sd_doc_serv//downloadTN.htm?UUID=3HUWF5UD0SMF8QKRPIG8DY5BWYFV48O3,yes
Rotala occultiflora,http://eflora.nt.gov.au/factsheet?id=3152,http://eflora.nt.gov.au/ntflora/sd_doc_serv//downloadTN.htm?UUID=3IQBGJST85P4GR7U7SSVJ6VOYLVQFU6M,yes
Spermacoce dolichosperma,http://eflora.nt.gov.au/factsheet?id=23984,http://eflora.nt.gov.au/ntflora/sd_doc_serv//downloadTN.htm?UUID=3IS7T2PS1X41UBMBV80AW0AB7DY7SRAA,yes
Gossypium nelsonii,http://eflora.nt.gov.au/factsheet?id=3188,http://eflora.nt.gov.au/ntflora/sd_doc_serv//downloadTN.htm?UUID=3P2J3YUOO9JFJKSZOOA40QX9UG1JIJ62,yes
Polymeria angusta,http://eflora.nt.gov.au/factsheet?id=13675,http://eflora.nt.gov.au/ntflora/sd_doc_serv//downloadTN.htm?UUID=3POHR9P7CGSWPSL906KCLJIMGUWU9LZZ,yes
Triumfetta sylvicola,http://eflora.nt.gov.au/factsheet?id=19467,http://eflora.nt.gov.au/ntflora/sd_doc_serv//downloadTN.htm?UUID=3Q31EVW8OFJG6A8WFQVATA5VY4P7370D,no
Mitreola petiolata,http://eflora.nt.gov.au/factsheet?id=3067,http://eflora.nt.gov.au/ntflora/sd_doc_serv//downloadTN.htm?UUID=3QHHM7GXELUKCVPK0RJIKLOADTVHVOAE,yes
Blepharocarya depauperata,http://eflora.nt.gov.au/factsheet?id=207,http://eflora.nt.gov.au/ntflora/sd_doc_serv//downloadTN.htm?UUID=3RLVQDKJWJ4I1IZJXSLPJTHBZ8H0RRIL,yes
Syzygium minutuliflorum,http://eflora.nt.gov.au/factsheet?id=3949,http://eflora.nt.gov.au/ntflora/sd_doc_serv//downloadTN.htm?UUID=3TBXYSKHWBYG5ICHEDPKE6LDEVS5WOM3,yes
Najas graminea,http://eflora.nt.gov.au/factsheet?id=3969,http://eflora.nt.gov.au/ntflora/sd_doc_serv//downloadTN.htm?UUID=3UZQ09E7V92L7TFA6FPXOOLUL2ML5WKV,no
Helicteres kombolgiana,http://eflora.nt.gov.au/factsheet?id=5645,http://eflora.nt.gov.au/ntflora/sd_doc_serv//downloadTN.htm?UUID=3XCLV40ZVBFSCZHHEBVPEMWO7ULXKYLC,yes
Podolepis eremaea,http://eflora.nt.gov.au/factsheet?id=20991,http://eflora.nt.gov.au/ntflora/sd_doc_serv//downloadTN.htm?UUID=3XSM6H5AC70VKLIFLTILO05DDEOL7D81,yes
Eriocaulon pygmaeum,http://eflora.nt.gov.au/factsheet?id=1922,http://eflora.nt.gov.au/ntflora/sd_doc_serv//downloadTN.htm?UUID=3ZQFAYE47QEE6GS4I4LPI61LN2CX8MY4,yes
Heliotropium skeleton,http://eflora.nt.gov.au/factsheet?id=842,http://eflora.nt.gov.au/ntflora/sd_doc_serv//downloadTN.htm?UUID=41USOITN3T39OI5IVZ5HLFMR37RYA1VW,yes
Uvaria rupestre,http://eflora.nt.gov.au/factsheet?id=226,http://eflora.nt.gov.au/ntflora/sd_doc_serv//downloadTN.htm?UUID=4256CYFSRVZ5RUHXE15Z9I1LSV6I1VDE,no
Hibbertia goyderi,http://eflora.nt.gov.au/factsheet?id=1837,http://eflora.nt.gov.au/ntflora/sd_doc_serv//downloadTN.htm?UUID=42PK2GDGKQRQN21V85QSWI64T2O8W87R,yes
Helicteres darwinensis,http://eflora.nt.gov.au/factsheet?id=5646,http://eflora.nt.gov.au/ntflora/sd_doc_serv//downloadTN.htm?UUID=42REF6M6KJDJXJRUCZKNDCOE8FIEJE2H,yes
Rinzia polystemona,http://eflora.nt.gov.au/factsheet?id=3748,http://eflora.nt.gov.au/ntflora/sd_doc_serv//downloadTN.htm?UUID=46UT2QMBN5NVSL2ZJ6BWQEEB5O97R725,yes
Aenictophyton anomalum,http://eflora.nt.gov.au/factsheet?id=2417,http://eflora.nt.gov.au/ntflora/sd_doc_serv//downloadTN.htm?UUID=47SANU655DJATU56H0OR44MZC36DDR2X,yes
Harpullia leichhardtii,http://eflora.nt.gov.au/factsheet?id=5379,http://eflora.nt.gov.au/ntflora/sd_doc_serv//downloadTN.htm?UUID=4AOFEFXYYYNZZ1SY7Q1IONI7NCM5S4NO,yes
Prostanthera sericea,http://eflora.nt.gov.au/factsheet?id=2870,http://eflora.nt.gov.au/ntflora/sd_doc_serv//downloadTN.htm?UUID=4DL5XK84393FVA3OZ0GQSWA6L2FJK4ME,yes
Nicotiana excelsior,http://eflora.nt.gov.au/factsheet?id=5557,http://eflora.nt.gov.au/ntflora/sd_doc_serv//downloadTN.htm?UUID=4EGS10J2U53UAQCOABUJ0XGPK7C7PQ98,yes
Pternandra coerulescens,http://eflora.nt.gov.au/factsheet?id=22504,http://eflora.nt.gov.au/ntflora/sd_doc_serv//downloadTN.htm?UUID=4EZ71RF02N7Q7ASK70X813HAXE89W32T,yes
Calotis squamigera,http://eflora.nt.gov.au/factsheet?id=503,http://eflora.nt.gov.au/ntflora/sd_doc_serv//downloadTN.htm?UUID=4GH5ASYQ5LO9PZJISID1RFKD1F0G3HC8,yes
Polycarpaea staminodina,http://eflora.nt.gov.au/factsheet?id=1067,http://eflora.nt.gov.au/ntflora/sd_doc_serv//downloadTN.htm?UUID=4GXVAIRSDOYDRIF1UKF34I0109H5ANBN,yes
Goodenia angustifolia,http://eflora.nt.gov.au/factsheet?id=2615,http://eflora.nt.gov.au/ntflora/sd_doc_serv//downloadTN.htm?UUID=4HM04PYSOYFA05SFVXZWTV1JDXAOWF7X,yes
Isachne myosotis,http://eflora.nt.gov.au/factsheet?id=4574,http://eflora.nt.gov.au/ntflora/sd_doc_serv//downloadTN.htm?UUID=4IYLJXRD3R26LLR3XZXS38282VYIPREL,no
Oldenlandia tenuifolia,http://eflora.nt.gov.au/factsheet?id=5220,http://eflora.nt.gov.au/ntflora/sd_doc_serv//downloadTN.htm?UUID=4JX2W8P3ZBGEPHFOTSNTFGX0PFBYAYOF,no
Tragia arnhemica,http://eflora.nt.gov.au/factsheet?id=2123,http://eflora.nt.gov.au/ntflora/sd_doc_serv//downloadTN.htm?UUID=4K0J76AHRD5MD39ZBJ0IE8K6MZCAK0KY,yes
Tephrosia procera,http://eflora.nt.gov.au/factsheet?id=20717,http://eflora.nt.gov.au/ntflora/sd_doc_serv//downloadTN.htm?UUID=4KW7V1RGLXKV08ALT0PNGQVXI9PXT1N7,yes
Helicteres sphaerotheca,http://eflora.nt.gov.au/factsheet?id=5650,http://eflora.nt.gov.au/ntflora/sd_doc_serv//downloadTN.htm?UUID=4MFO2EJZBQMTVKPR2R0670DQ19E6HLJ2,yes
Shonia bickertonensis,http://eflora.nt.gov.au/factsheet?id=26123,http://eflora.nt.gov.au/ntflora/sd_doc_serv//downloadTN.htm?UUID=4NDAESAT8H9ESLJ1MANH5UMIG39GBSEO,yes
Ammannia triflora,http://eflora.nt.gov.au/factsheet?id=3136,http://eflora.nt.gov.au/ntflora/sd_doc_serv//downloadTN.htm?UUID=4OOPPI9MONXV1LUQ4NN1EPX9KYOL7KPO,yes
Helicteres macrothrix,http://eflora.nt.gov.au/factsheet?id=5651,http://eflora.nt.gov.au/ntflora/sd_doc_serv//downloadTN.htm?UUID=4SLMMYZGD7MGG7N5LV861V012KGRPACS,yes
Dunbaria singuliflora,http://eflora.nt.gov.au/factsheet?id=2265,http://eflora.nt.gov.au/ntflora/sd_doc_serv//downloadTN.htm?UUID=4U8R4ETBOD3E41TZKGWTSGCQ0JAHK3Z9,yes
Stenocarpus acacioides,http://eflora.nt.gov.au/factsheet?id=5081,http://eflora.nt.gov.au/ntflora/sd_doc_serv//downloadTN.htm?UUID=4UOV40QV92NAZ3C8AU9IBR24RSK1RXKT,yes
Indigofera ewartiana,http://eflora.nt.gov.au/factsheet?id=2312,http://eflora.nt.gov.au/ntflora/sd_doc_serv//downloadTN.htm?UUID=4XE10V9E691R6OUH9CQPPQD4JXP57O9B,yes
Proiphys alba,http://eflora.nt.gov.au/factsheet?id=25287,http://eflora.nt.gov.au/ntflora/sd_doc_serv//downloadTN.htm?UUID=50TQDXV1F1IKINLSDA4D7XLXY63ST8WY,yes
Sauropus brunonis,http://eflora.nt.gov.au/factsheet?id=2095,http://eflora.nt.gov.au/ntflora/sd_doc_serv//downloadTN.htm?UUID=516HX3EWUQ86ULZZJHL3CM4FKR9AD9S3,yes
Eriocaulon zollingerianum,http://eflora.nt.gov.au/factsheet?id=1930,http://eflora.nt.gov.au/ntflora/sd_doc_serv//downloadTN.htm?UUID=524B8NWUPKO1JELWNHSVJY3827RAIKCE,no
Eleocharis acutangula,http://eflora.nt.gov.au/factsheet?id=1631,http://eflora.nt.gov.au/ntflora/sd_doc_serv//downloadTN.htm?UUID=52RTM1MASGBD0EZFXUJ92PHBUJITE47M,no
Platysace saxatilis,http://eflora.nt.gov.au/factsheet?id=22406,http://eflora.nt.gov.au/ntflora/sd_doc_serv//downloadTN.htm?UUID=55S9HWV2A5WQP4XGTDH01976B5ILQW04,yes
Chloris pumilio,http://eflora.nt.gov.au/factsheet?id=4324,http://eflora.nt.gov.au/ntflora/sd_doc_serv//downloadTN.htm?UUID=5BSRR3FZNO7EQPDBBCHZ1B8PJCBYGU5I,yes
Senna timoriensis,http://eflora.nt.gov.au/factsheet?id=999,http://eflora.nt.gov.au/ntflora/sd_doc_serv//downloadTN.htm?UUID=5DOO5VD8KIN1VUPI2877W3D274HHX0PQ,yes
Decaschistia byrnesii,http://eflora.nt.gov.au/factsheet?id=3182,http://eflora.nt.gov.au/ntflora/sd_doc_serv//downloadTN.htm?UUID=5J4HUKZO8EHB6ICYC1SSNB82EL61PII9,no
Centranthera tranquebarica,http://eflora.nt.gov.au/factsheet?id=22246,http://eflora.nt.gov.au/ntflora/sd_doc_serv//downloadTN.htm?UUID=5JVST0LQOVASJVWTIG2KYKP7D1DB9C9I,yes
Dendrolobium stipatum,http://eflora.nt.gov.au/factsheet?id=2230,http://eflora.nt.gov.au/ntflora/sd_doc_serv//downloadTN.htm?UUID=5L0YLQYNJI1SLTV0CZYUKGNXTVRCM9ML,yes
Chlorophytum laxum,http://eflora.nt.gov.au/factsheet?id=2971,http://eflora.nt.gov.au/ntflora/sd_doc_serv//downloadTN.htm?UUID=5PM4P8463NEESM1I7IIUDRIAI0NRQGW4,yes
Calotis kempei,http://eflora.nt.gov.au/factsheet?id=499,http://eflora.nt.gov.au/ntflora/sd_doc_serv//downloadTN.htm?UUID=5SHIXI4KFBH0EP3G98LKSDCU8NKVZUFE,yes
Zornia areolata,http://eflora.nt.gov.au/factsheet?id=2551,http://eflora.nt.gov.au/ntflora/sd_doc_serv//downloadTN.htm?UUID=5TGN46L8U583AZN6IVC40N3VC71BKMC7,yes
Spermacoce constricta,http://eflora.nt.gov.au/factsheet?id=23806,http://eflora.nt.gov.au/ntflora/sd_doc_serv//downloadTN.htm?UUID=5VONSQDIV4YXGYMJGIT6BQF7YMKX5J0X,yes
Ectrosia scabrida,http://eflora.nt.gov.au/factsheet?id=4404,http://eflora.nt.gov.au/ntflora/sd_doc_serv//downloadTN.htm?UUID=5VQ9KIY7BD2YFYLAJI2Q023Y8RI30PQP,yes
Pomax rupestris,http://eflora.nt.gov.au/factsheet?id=5233,http://eflora.nt.gov.au/ntflora/sd_doc_serv//downloadTN.htm?UUID=5WK56KV8VZXVVYO39F3LFSZBHV1JZO1Z,yes
Ptilotus dissitiflorus,http://eflora.nt.gov.au/factsheet?id=157,http://eflora.nt.gov.au/ntflora/sd_doc_serv//downloadTN.htm?UUID=5ZN4DFFCLR9OQQTKXQMRC3JI8NI9QRN0,yes
Goodenia debilis,http://eflora.nt.gov.au/factsheet?id=23756,http://eflora.nt.gov.au/ntflora/sd_doc_serv//downloadTN.htm?UUID=636K8R54NAYW6BRYIVHGHZBC81UHUI4S,yes
Sphaerostephanos unitus,http://eflora.nt.gov.au/factsheet?id=20721,http://eflora.nt.gov.au/ntflora/sd_doc_serv//downloadTN.htm?UUID=65GKI9A8M79D8Q3F5YVRBSC3EEEHHP6B,no
Helicteres integrifolia,http://eflora.nt.gov.au/factsheet?id=5661,http://eflora.nt.gov.au/ntflora/sd_doc_serv//downloadTN.htm?UUID=68EXSQ49WM2MYRJH0CW82GKHNG0FXUO0,yes
Typhonium taylorii,http://eflora.nt.gov.au/factsheet?id=20211,http://eflora.nt.gov.au/ntflora/sd_doc_serv//downloadTN.htm?UUID=6AB2H2V243LQKOM0ITRQF7DB51G07P56,yes
Boronia rupicola,http://eflora.nt.gov.au/factsheet?id=20236,http://eflora.nt.gov.au/ntflora/sd_doc_serv//downloadTN.htm?UUID=6BOI11HQHALGIN04W8ZA6IBOORCO5F2R,yes
Schoenoplectiella praelongata,http://eflora.nt.gov.au/factsheet?id=1780,http://eflora.nt.gov.au/ntflora/sd_doc_serv//downloadTN.htm?UUID=6E5XW8AO55CCZ6DUL33DUS6N7D20P6MY,yes
Polycarpaea involucrata,http://eflora.nt.gov.au/factsheet?id=1059,http://eflora.nt.gov.au/ntflora/sd_doc_serv//downloadTN.htm?UUID=6JKMLAHJQ0R16YH3ZKGS28PTZUXIVEKA,yes
Oryza officinalis,http://eflora.nt.gov.au/factsheet?id=4651,http://eflora.nt.gov.au/ntflora/sd_doc_serv//downloadTN.htm?UUID=6K3JAZKLW7TBLYVMQZY8K4C3SGLZ4QHU,no
Leptosema uniflorum,http://eflora.nt.gov.au/factsheet?id=21224,http://eflora.nt.gov.au/ntflora/sd_doc_serv//downloadTN.htm?UUID=6L5U14MGPRT474SESEC0S8DBYWS1S6BQ,yes
Hibbertia tomentosa,http://eflora.nt.gov.au/factsheet?id=1845,http://eflora.nt.gov.au/ntflora/sd_doc_serv//downloadTN.htm?UUID=6LML18K83SK66VFF552O5DVQTG6I0Y3L,yes
Terminalia volucris,http://eflora.nt.gov.au/factsheet?id=1334,http://eflora.nt.gov.au/ntflora/sd_doc_serv//downloadTN.htm?UUID=6NKXQPV0BMSK3YN5DDQVUTHLS3LINA9V,yes
Panicum paludosum,http://eflora.nt.gov.au/factsheet?id=4670,http://eflora.nt.gov.au/ntflora/sd_doc_serv//downloadTN.htm?UUID=6NV93XNOV8I2UXVEJSUZVS0L39CSLI5F,no
Muniria lanceolata,http://eflora.nt.gov.au/factsheet?id=20273,http://eflora.nt.gov.au/ntflora/sd_doc_serv//downloadTN.htm?UUID=6SF200WPIP6GDC4WKPUUVR7A3NAOQQCQ,yes
Schoutenia ovata,http://eflora.nt.gov.au/factsheet?id=5805,http://eflora.nt.gov.au/ntflora/sd_doc_serv//downloadTN.htm?UUID=6V0R3SBBCASD2TIWUXFOG7146FPDC826,yes
Hygrochloa cravenii,http://eflora.nt.gov.au/factsheet?id=4564,http://eflora.nt.gov.au/ntflora/sd_doc_serv//downloadTN.htm?UUID=6XE3WPTYBQS00JFWRI3RKKUBD30QRDMB,no
Cyperus tenuispica,http://eflora.nt.gov.au/factsheet?id=1624,http://eflora.nt.gov.au/ntflora/sd_doc_serv//downloadTN.htm?UUID=6Y9NH0TJ4OR2CL0L4F3H8S2ACY5IPET5,yes
Atriplex lobativalvis,http://eflora.nt.gov.au/factsheet?id=1130,http://eflora.nt.gov.au/ntflora/sd_doc_serv//downloadTN.htm?UUID=72GAUBXMSE9F7D5I5APOK6HA14DKKJVS,yes
Boronia viridiflora,http://eflora.nt.gov.au/factsheet?id=20246,http://eflora.nt.gov.au/ntflora/sd_doc_serv//downloadTN.htm?UUID=74XRX1GETQNVDA6Q584GNJY5VCL04RFF,yes
Aphyllodium stylosanthoides,http://eflora.nt.gov.au/factsheet?id=2141,http://eflora.nt.gov.au/ntflora/sd_doc_serv//downloadTN.htm?UUID=74ZGZZ9B64ORV420LZFP87CPC0ZX29V3,no
Myriophyllum dicoccum,http://eflora.nt.gov.au/factsheet?id=2755,http://eflora.nt.gov.au/ntflora/sd_doc_serv//downloadTN.htm?UUID=75NMOSY0ESHD4JLASZXJI4ZP7SU633A5,yes
Triodia triaristata,http://eflora.nt.gov.au/factsheet?id=19950,http://eflora.nt.gov.au/ntflora/sd_doc_serv//downloadTN.htm?UUID=797MFMKQ9ZF1F24BSZINGQ0OFDBIDIJS,yes
Hypoxis nervosa,http://eflora.nt.gov.au/factsheet?id=2993,http://eflora.nt.gov.au/ntflora/sd_doc_serv//downloadTN.htm?UUID=7FBVH2IS8XHE4MJP5F1XB7KIXMCQUM2E,yes
Ipomoea graminea,http://eflora.nt.gov.au/factsheet?id=1408,http://eflora.nt.gov.au/ntflora/sd_doc_serv//downloadTN.htm?UUID=7FSQN581DSVNIJMXXL4FGSSN3SRCTJXW,yes
Dysphania sphaerosperma,http://eflora.nt.gov.au/factsheet?id=1172,http://eflora.nt.gov.au/ntflora/sd_doc_serv//downloadTN.htm?UUID=7H02BTN9O6KGLV2AU0S6RA7ZS9IDOA1X,yes
Phyllanthus flagellaris,http://eflora.nt.gov.au/factsheet?id=2071,http://eflora.nt.gov.au/ntflora/sd_doc_serv//downloadTN.htm?UUID=7M8Y9547CK1O2WTAVYD8F03EGFU4SQMH,yes
Polygala orbicularis,http://eflora.nt.gov.au/factsheet?id=4924,http://eflora.nt.gov.au/ntflora/sd_doc_serv//downloadTN.htm?UUID=7P5X1MNTZHTVM6LXPF7B2WFKWVW9XKBU,yes
Acacia minyura,http://eflora.nt.gov.au/factsheet?id=3496,http://eflora.nt.gov.au/ntflora/sd_doc_serv//downloadTN.htm?UUID=7RV8IANV0D6TSUKLAQH89SU2KL3R4F8Y,yes
Allopterigeron filifolius,http://eflora.nt.gov.au/factsheet?id=455,http://eflora.nt.gov.au/ntflora/sd_doc_serv//downloadTN.htm?UUID=7TJ8291R79AYR7TS0JNZ87KOYHBULT4R,yes
Tephrosia oligophylla,http://eflora.nt.gov.au/factsheet?id=2510,http://eflora.nt.gov.au/ntflora/sd_doc_serv//downloadTN.htm?UUID=7UBO5PEMLSWKQ2B5UVI0DVSF3K22NT70,yes
Sterculia holtzei,http://eflora.nt.gov.au/factsheet?id=5686,http://eflora.nt.gov.au/ntflora/sd_doc_serv//downloadTN.htm?UUID=7UPHDG7XQTAZ3ARTU4QHRWBIP41MV5LI,yes
Vittadinia obovata,http://eflora.nt.gov.au/factsheet?id=19862,http://eflora.nt.gov.au/ntflora/sd_doc_serv//downloadTN.htm?UUID=7W6FU4NPNHUQ7UK7NACQ6RJCLUQC41A7,yes
Olax pendula,http://eflora.nt.gov.au/factsheet?id=4007,http://eflora.nt.gov.au/ntflora/sd_doc_serv//downloadTN.htm?UUID=7W6P15VVO5HUEVAQC09DI7ICQWX5SJMU,yes
Olax imbricata,http://eflora.nt.gov.au/factsheet?id=4006,http://eflora.nt.gov.au/ntflora/sd_doc_serv//downloadTN.htm?UUID=7WNK1Q27RS3CFQR0JEJN3GNW62DQ1UQA,no
Lindernia grossidentata,http://eflora.nt.gov.au/factsheet?id=19712,http://eflora.nt.gov.au/ntflora/sd_doc_serv//downloadTN.htm?UUID=7XR8CVNE2BTS0QQRSX8WUA12SJTYZFL5,yes
Jacksonia reclinata,http://eflora.nt.gov.au/factsheet?id=27633,http://eflora.nt.gov.au/ntflora/sd_doc_serv//downloadTN.htm?UUID=7Z68ME8M5KK01URP4V5WSA9O11Q6K7YO,yes
Sauropus paucifolius,http://eflora.nt.gov.au/factsheet?id=19517,http://eflora.nt.gov.au/ntflora/sd_doc_serv//downloadTN.htm?UUID=8171QMF7ACDMRYJYM0AOXBT7SOM3NUW3,yes
Boronia filicifolia,http://eflora.nt.gov.au/factsheet?id=24756,http://eflora.nt.gov.au/ntflora/sd_doc_serv//downloadTN.htm?UUID=83YQG80O45WSYURVH3HQX3A00P2UFI7T,yes
Typhonium mirabile,http://eflora.nt.gov.au/factsheet?id=313,http://eflora.nt.gov.au/ntflora/sd_doc_serv//downloadTN.htm?UUID=8EIO47LT6DGBHF5BPSAQ8HPAO0EWV02V,yes
Hibiscus brennanii,http://eflora.nt.gov.au/factsheet?id=3197,http://eflora.nt.gov.au/ntflora/sd_doc_serv//downloadTN.htm?UUID=8EXY1VG4XH9XJYX5GP6O25GDVLKDHWQ2,yes
Actinoscirpus grossus,http://eflora.nt.gov.au/factsheet?id=1518,http://eflora.nt.gov.au/ntflora/sd_doc_serv//downloadTN.htm?UUID=8HDMT3YR5XKVXWMDTL103VE3B19ETTPX,no
Spathia neurosa,http://eflora.nt.gov.au/factsheet?id=4787,http://eflora.nt.gov.au/ntflora/sd_doc_serv//downloadTN.htm?UUID=8J48L0AFMKC4F4O91CBJDHYFUAR5YRSO,yes
Scaevola revoluta,http://eflora.nt.gov.au/factsheet?id=2711,http://eflora.nt.gov.au/ntflora/sd_doc_serv//downloadTN.htm?UUID=8KMAFC5D9DLNV3G84UKF0DFVBDCGBAIM,yes
Paspalidium udum,http://eflora.nt.gov.au/factsheet?id=4690,http://eflora.nt.gov.au/ntflora/sd_doc_serv//downloadTN.htm?UUID=8NWIMHHC7OWXFPJWU9LD26LOQ6ZJXK3V,no
Staurogyne spatulata,http://eflora.nt.gov.au/factsheet?id=48,http://eflora.nt.gov.au/ntflora/sd_doc_serv//downloadTN.htm?UUID=8Q2V1RGXX0Y2KR6SGHA6WB6P7F2FNPHB,yes
Thespidium basiflorum,http://eflora.nt.gov.au/factsheet?id=712,http://eflora.nt.gov.au/ntflora/sd_doc_serv//downloadTN.htm?UUID=8RLLAYXRZQMD1EGWAXG2RBFVE8NA4MHW,no
Goodenia redacta,http://eflora.nt.gov.au/factsheet?id=2671,http://eflora.nt.gov.au/ntflora/sd_doc_serv//downloadTN.htm?UUID=8RVEL5DSQE9JEBYIZKOQD3DMA7042GZX,yes
Fimbristylis denudata,http://eflora.nt.gov.au/factsheet?id=1681,http://eflora.nt.gov.au/ntflora/sd_doc_serv//downloadTN.htm?UUID=8TVH0831DDEWNBUADECAACDM8UQTIFVI,no
Indigofera glandulosa,http://eflora.nt.gov.au/factsheet?id=2314,http://eflora.nt.gov.au/ntflora/sd_doc_serv//downloadTN.htm?UUID=8TZAUKOWDDC0TBEGNBWDFNMTM76G6K2A,no
Phyllanthus indigoferoides,http://eflora.nt.gov.au/factsheet?id=22327,http://eflora.nt.gov.au/ntflora/sd_doc_serv//downloadTN.htm?UUID=8VZNCT6AN4MXINIHVU46CM9ICXXZFFL8,yes
Gossypium bickii,http://eflora.nt.gov.au/factsheet?id=3185,http://eflora.nt.gov.au/ntflora/sd_doc_serv//downloadTN.htm?UUID=8WUQ3SHAEAJIMSDFRH1RBRKN3J2H5303,yes
Cyperus unioloides,http://eflora.nt.gov.au/factsheet?id=23616,http://eflora.nt.gov.au/ntflora/sd_doc_serv//downloadTN.htm?UUID=8XY1W71VWIMU01QM89QXO4MFUHEIGWHZ,yes
Tephrosia conspicua,http://eflora.nt.gov.au/factsheet?id=2490,http://eflora.nt.gov.au/ntflora/sd_doc_serv//downloadTN.htm?UUID=903O53PVT7WFUQHNRXSOJ140QBN2UX6H,yes
Cymbopogon dependens,http://eflora.nt.gov.au/factsheet?id=4344,http://eflora.nt.gov.au/ntflora/sd_doc_serv//downloadTN.htm?UUID=90X4JSILH3FC3QUVVGRCW9XTBZQNY667,yes
Ptilotus distans,http://eflora.nt.gov.au/factsheet?id=158,http://eflora.nt.gov.au/ntflora/sd_doc_serv//downloadTN.htm?UUID=912XG0G8R42CZ04D66ENM0K0QYNIK73B,yes
Lindernia pubescens,http://eflora.nt.gov.au/factsheet?id=5459,http://eflora.nt.gov.au/ntflora/sd_doc_serv//downloadTN.htm?UUID=96V16VVI2O89B0516JIJWXE0GRKFXYHF,yes
Acacia subternata,http://eflora.nt.gov.au/factsheet?id=3559,http://eflora.nt.gov.au/ntflora/sd_doc_serv//downloadTN.htm?UUID=96WZCQ0QTWEPWX761UWGMXYQ8GGJ1CDV,yes
Buchnera tetragona,http://eflora.nt.gov.au/factsheet?id=5416,http://eflora.nt.gov.au/ntflora/sd_doc_serv//downloadTN.htm?UUID=9819SSCA46BA6OBKUQAM1NHU7A35U1FZ,yes
Oldenlandia intonsa,http://eflora.nt.gov.au/factsheet?id=23743,http://eflora.nt.gov.au/ntflora/sd_doc_serv//downloadTN.htm?UUID=9AQW2UROUR03S8PVT6U87HWF0Y419TEN,yes
Iseilema eremaeum,http://eflora.nt.gov.au/factsheet?id=4595,http://eflora.nt.gov.au/ntflora/sd_doc_serv//downloadTN.htm?UUID=9BTZPAB221TIX2TBB9W1ART0DQRVOX2N,yes
Haloragis uncatipila,http://eflora.nt.gov.au/factsheet?id=2751,http://eflora.nt.gov.au/ntflora/sd_doc_serv//downloadTN.htm?UUID=9DFCPZT60T40ZORR6QATMAMBRA89LJ3G,yes
Pouzolzia hirta,http://eflora.nt.gov.au/factsheet?id=21254,http://eflora.nt.gov.au/ntflora/sd_doc_serv//downloadTN.htm?UUID=9EBAW1Y068KK8VX4YQFE1EOH1W0AR24Q,no
Polygala stenosepala,http://eflora.nt.gov.au/factsheet?id=25937,http://eflora.nt.gov.au/ntflora/sd_doc_serv//downloadTN.htm?UUID=9G9WCEPRGJ67XU8F049VFXSSHU3BI4ZE,yes
Jacksonia divisa,http://eflora.nt.gov.au/factsheet?id=27628,http://eflora.nt.gov.au/ntflora/sd_doc_serv//downloadTN.htm?UUID=9H08VCTI3RB5KCOQBXS9CNEO7MD7U4SJ,yes
Pterocaulon verbascifolium,http://eflora.nt.gov.au/factsheet?id=661,http://eflora.nt.gov.au/ntflora/sd_doc_serv//downloadTN.htm?UUID=9K13HRD8QPCOUS9AWB73WMA9CDVSENAQ,yes
Eragrostis confertiflora,http://eflora.nt.gov.au/factsheet?id=4447,http://eflora.nt.gov.au/ntflora/sd_doc_serv//downloadTN.htm?UUID=9NJN1CBQYJYB0UZVGAAM2DLX85F4YFZ2,yes
Stenanthemum centrale,http://eflora.nt.gov.au/factsheet?id=27133,http://eflora.nt.gov.au/ntflora/sd_doc_serv//downloadTN.htm?UUID=9NNC5JCYCVJ8MHYWUWCHKNI3L3ASTXRJ,yes
Boronia wilsonii,http://eflora.nt.gov.au/factsheet?id=20233,http://eflora.nt.gov.au/ntflora/sd_doc_serv//downloadTN.htm?UUID=9P4Z4ICOGJ5K11S6ROFNPJCQ0LN6A5Z7,yes
Excoecaria ovalis,http://eflora.nt.gov.au/factsheet?id=2022,http://eflora.nt.gov.au/ntflora/sd_doc_serv//downloadTN.htm?UUID=9Q9P5APANSB1HUXAXOB9CPWP3Q864SXL,no
Goodenia psammophila,http://eflora.nt.gov.au/factsheet?id=27376,http://eflora.nt.gov.au/ntflora/sd_doc_serv//downloadTN.htm?UUID=9SAWKABW3LS5I7OSLR7LTPCPFKCKAEJK,yes
Lindsaea walkerae,http://eflora.nt.gov.au/factsheet?id=3027,http://eflora.nt.gov.au/ntflora/sd_doc_serv//downloadTN.htm?UUID=9SFCJR88OMPO6ESG77B39PZBA3EIRTU1,no
Avicennia integra,http://eflora.nt.gov.au/factsheet?id=5851,http://eflora.nt.gov.au/ntflora/sd_doc_serv//downloadTN.htm?UUID=9SPJDBF8J9NHBM2HPA6RE805KRIZCH8G,yes
Brachychiton spectabilis,http://eflora.nt.gov.au/factsheet?id=5635,http://eflora.nt.gov.au/ntflora/sd_doc_serv//downloadTN.htm?UUID=9TMBWE1E2R2JWDUH1UT94XAU6422DG99,yes
Cajanus geminatus,http://eflora.nt.gov.au/factsheet?id=24031,http://eflora.nt.gov.au/ntflora/sd_doc_serv//downloadTN.htm?UUID=9UV0MK5S40RSXM1O65DCU6BIUKZ2GENN,no
Alysicarpus brownii,http://eflora.nt.gov.au/factsheet?id=23529,http://eflora.nt.gov.au/ntflora/sd_doc_serv//downloadTN.htm?UUID=A1DDQCV84B72EMMJTJH553KK37TYLVPZ,yes
Crosslandia setifolia,http://eflora.nt.gov.au/factsheet?id=1536,http://eflora.nt.gov.au/ntflora/sd_doc_serv//downloadTN.htm?UUID=A2EU4BJHY88PXBJRKFLG3DNAJLI805M3,yes
Tephrosia macrocarpa,http://eflora.nt.gov.au/factsheet?id=2506,http://eflora.nt.gov.au/ntflora/sd_doc_serv//downloadTN.htm?UUID=A42D9PN2BJU95K4R5NEQWC0RZM2XC9TR,no
Helicteres flagellaris,http://eflora.nt.gov.au/factsheet?id=5656,http://eflora.nt.gov.au/ntflora/sd_doc_serv//downloadTN.htm?UUID=A5CSQ67P1HEI5NRJQXQD8QZDA0VU5XN1,yes
Isoetes cristata,http://eflora.nt.gov.au/factsheet?id=20745,http://eflora.nt.gov.au/ntflora/sd_doc_serv//downloadTN.htm?UUID=ADURR50BZMXRU5KDHDY7E4RMBY1MQBQO,no
Goodenia larapinta,http://eflora.nt.gov.au/factsheet?id=2651,http://eflora.nt.gov.au/ntflora/sd_doc_serv//downloadTN.htm?UUID=AEB10AKTZXNSX6ISUBTFO8EV55FM26PZ,yes
Austrobryonia centralis,http://eflora.nt.gov.au/factsheet?id=1481,http://eflora.nt.gov.au/ntflora/sd_doc_serv//downloadTN.htm?UUID=AFDLHCWOUT9I2G13915UC34SB9UNE4ES,yes
Fimbristylis simulans,http://eflora.nt.gov.au/factsheet?id=1729,http://eflora.nt.gov.au/ntflora/sd_doc_serv//downloadTN.htm?UUID=AFLNPEZNYU5NB9RF9O1ZDCSTJ37O55PF,yes
Brunoniella linearifolia,http://eflora.nt.gov.au/factsheet?id=15,http://eflora.nt.gov.au/ntflora/sd_doc_serv//downloadTN.htm?UUID=AG5KVC8JOFQVC11HVXTYM0CKQWN8QRXY,yes
Triumfetta denticulata,http://eflora.nt.gov.au/factsheet?id=5816,http://eflora.nt.gov.au/ntflora/sd_doc_serv//downloadTN.htm?UUID=AKBHMR93OLM8FWBXUPCC6XENOADE94TZ,no
Trachymene microcephala,http://eflora.nt.gov.au/factsheet?id=265,http://eflora.nt.gov.au/ntflora/sd_doc_serv//downloadTN.htm?UUID=AKDVDLKPX4QZE1N28P4T0V2VVQSB3V5A,yes
Iotasperma australiense,http://eflora.nt.gov.au/factsheet?id=581,http://eflora.nt.gov.au/ntflora/sd_doc_serv//downloadTN.htm?UUID=AL16ZW70UCD6OZ0Y4T0DHZM6UC10BZYF,yes
Gomphrena floribunda,http://eflora.nt.gov.au/factsheet?id=20529,http://eflora.nt.gov.au/ntflora/sd_doc_serv//downloadTN.htm?UUID=AM7DFGMLP78SHMD9RF49PRPLSH9WE1UF,yes
Xyris indica,http://eflora.nt.gov.au/factsheet?id=5984,http://eflora.nt.gov.au/ntflora/sd_doc_serv//downloadTN.htm?UUID=AQMI18J1E58YQTJSN89L4VB8BKCIKHSO,yes
Coleocoma centaurea,http://eflora.nt.gov.au/factsheet?id=526,http://eflora.nt.gov.au/ntflora/sd_doc_serv//downloadTN.htm?UUID=AVMFCTSFJ5GLV31FMACYMRF14V4LV7D6,yes
Solanum tumulicola,http://eflora.nt.gov.au/factsheet?id=5605,http://eflora.nt.gov.au/ntflora/sd_doc_serv//downloadTN.htm?UUID=AVVVP6HR2R3E4PO05RZMPN3O17QQRRNU,yes
Abutilon cryptopetalum,http://eflora.nt.gov.au/factsheet?id=3163,http://eflora.nt.gov.au/ntflora/sd_doc_serv//downloadTN.htm?UUID=AW8J0B1YL7KKVGTQG4BBA21RDZZNPVTB,yes
Ischaemum rugosum,http://eflora.nt.gov.au/factsheet?id=4586,http://eflora.nt.gov.au/ntflora/sd_doc_serv//downloadTN.htm?UUID=AZVSUP6KHFMFXXLNWCUY9ZM1X205NZKT,no
Vincetoxicum flexuosum,http://eflora.nt.gov.au/factsheet?id=427,http://eflora.nt.gov.au/ntflora/sd_doc_serv//downloadTN.htm?UUID=B15M6SCC04YETJTH643LZ0PPDXCWT0WQ,yes
Olearia macdonnellensis,http://eflora.nt.gov.au/factsheet?id=621,http://eflora.nt.gov.au/ntflora/sd_doc_serv//downloadTN.htm?UUID=B1U39MQPG9QG2ABG8YDZDDC8DUBZB2LK,yes
Boronia prolixa,http://eflora.nt.gov.au/factsheet?id=20241,http://eflora.nt.gov.au/ntflora/sd_doc_serv//downloadTN.htm?UUID=B56TXEPIBVR7JAJOJ1O1WE4YFBDHEIJM,yes
Muniria angustisepala,http://eflora.nt.gov.au/factsheet?id=5908,http://eflora.nt.gov.au/ntflora/sd_doc_serv//downloadTN.htm?UUID=B82V2LSIW886OY3U4BK4LZK09CIGR508,yes
Spermacoce juncta,http://eflora.nt.gov.au/factsheet?id=21209,http://eflora.nt.gov.au/ntflora/sd_doc_serv//downloadTN.htm?UUID=B8L7ZR8S7NQ2JIRSTDO0QVBQWNCLGQGP,yes
Oldenlandia largiflorens,http://eflora.nt.gov.au/factsheet?id=5213,http://eflora.nt.gov.au/ntflora/sd_doc_serv//downloadTN.htm?UUID=B8LPV9MZ3JORKABVRPPE3NUY7AAUPWRD,yes
Calotis breviseta,http://eflora.nt.gov.au/factsheet?id=494,http://eflora.nt.gov.au/ntflora/sd_doc_serv//downloadTN.htm?UUID=BGXWZMY3YWLW6NJHH0SSY47ZT5NKWURF,yes
Gomphrena connata,http://eflora.nt.gov.au/factsheet?id=20528,http://eflora.nt.gov.au/ntflora/sd_doc_serv//downloadTN.htm?UUID=BKBKOQUU7A7FSBL0OHUU6N8NOL66W8S3,yes
Terminalia carpentariae,http://eflora.nt.gov.au/factsheet?id=1318,http://eflora.nt.gov.au/ntflora/sd_doc_serv//downloadTN.htm?UUID=BM2EC4XZ84972VIAZXBDXOC3IAW7EGJ7,yes
Thaumastochloa major,http://eflora.nt.gov.au/factsheet?id=4816,http://eflora.nt.gov.au/ntflora/sd_doc_serv//downloadTN.htm?UUID=BMAOHC12BGY9DSSTFFFNAY94IROAC63B,yes
Mitrasacme laevis,http://eflora.nt.gov.au/factsheet?id=3047,http://eflora.nt.gov.au/ntflora/sd_doc_serv//downloadTN.htm?UUID=BQL7ISNP2Q4O076OXT8Q4F63CZKSC89K,yes
Tephrosia carriemichelliae,http://eflora.nt.gov.au/factsheet?id=2495,http://eflora.nt.gov.au/ntflora/sd_doc_serv//downloadTN.htm?UUID=BUINHOCG0PJCYGOZR1W6CISM7Q25Q8EY,yes
Phyllanthus eutaxioides,http://eflora.nt.gov.au/factsheet?id=19507,http://eflora.nt.gov.au/ntflora/sd_doc_serv//downloadTN.htm?UUID=BUJR98N8BBVIDDUKBI09K596DD5WLIET,yes
Melaleuca triumphalis,http://eflora.nt.gov.au/factsheet?id=20629,http://eflora.nt.gov.au/ntflora/sd_doc_serv//downloadTN.htm?UUID=BV1HFNI2V5V94CU2ZOMX6BSIZUOIJ28Y,yes
Dipteracanthus bracteatus,http://eflora.nt.gov.au/factsheet?id=26,http://eflora.nt.gov.au/ntflora/sd_doc_serv//downloadTN.htm?UUID=C0WLMHO2I3Y0SET6TJDZBYTQFW9YKJR6,no
Xerochrysum boreale,http://eflora.nt.gov.au/factsheet?id=22644,http://eflora.nt.gov.au/ntflora/sd_doc_serv//downloadTN.htm?UUID=C1CTZRY2A0OGZUQ7A3PXKFMBXTT4YHNN,yes
Hibbertia cistifolia,http://eflora.nt.gov.au/factsheet?id=1832,http://eflora.nt.gov.au/ntflora/sd_doc_serv//downloadTN.htm?UUID=C9VJFPKS82MQXEG8AX1XWOVF1B1D5V50,yes
Pleurocarpaea fasciculata,http://eflora.nt.gov.au/factsheet?id=639,http://eflora.nt.gov.au/ntflora/sd_doc_serv//downloadTN.htm?UUID=CAC2QUM2JWVA12KBTJFUD5PSY6UBKVJJ,yes
Eleocharis ochrostachys,http://eflora.nt.gov.au/factsheet?id=1640,http://eflora.nt.gov.au/ntflora/sd_doc_serv//downloadTN.htm?UUID=CB2YAIPPYEZ6E8KF94RFKPFLMGAB2JPX,no
Auranticarpa melanosperma,http://eflora.nt.gov.au/factsheet?id=22524,http://eflora.nt.gov.au/ntflora/sd_doc_serv//downloadTN.htm?UUID=CEF2SIIZC9S0II6SA81Y0X8MEFVZT8OQ,yes
Lindernia dunlopii,http://eflora.nt.gov.au/factsheet?id=5458,http://eflora.nt.gov.au/ntflora/sd_doc_serv//downloadTN.htm?UUID=CJ5G0Z4NB4SW26GOZ59Q7ENWNWT6YQD9,yes
Sonneratia lanceolata,http://eflora.nt.gov.au/factsheet?id=5610,http://eflora.nt.gov.au/ntflora/sd_doc_serv//downloadTN.htm?UUID=CJFW2585DJD6NX9RUHC21WV87FM7WQU7,no
Cheilanthes nitida,http://eflora.nt.gov.au/factsheet?id=5522,http://eflora.nt.gov.au/ntflora/sd_doc_serv//downloadTN.htm?UUID=CJV7ODE0V870QZ8H6529OKEJCOEGM9KQ,no
Pimelea concreta,http://eflora.nt.gov.au/factsheet?id=5765,http://eflora.nt.gov.au/ntflora/sd_doc_serv//downloadTN.htm?UUID=CNAQGAHAQYAGCSGBY32WTVZPVJ6NJFEY,yes
Zornia disticha,http://eflora.nt.gov.au/factsheet?id=2554,http://eflora.nt.gov.au/ntflora/sd_doc_serv//downloadTN.htm?UUID=COA0HH4CBLR383HVXR6Z7675CC1CGG02,no
Hibbertia brennanii,http://eflora.nt.gov.au/factsheet?id=24263,http://eflora.nt.gov.au/ntflora/sd_doc_serv//downloadTN.htm?UUID=CTI03MNNAUIO5AO15NP5Y7ZJUOWMG2PN,yes
Goodenia leiosperma,http://eflora.nt.gov.au/factsheet?id=2652,http://eflora.nt.gov.au/ntflora/sd_doc_serv//downloadTN.htm?UUID=CTW29E1NQEFVM5H35CANQY8GDYXX0G4G,yes
Sorghum macrospermum,http://eflora.nt.gov.au/factsheet?id=4779,http://eflora.nt.gov.au/ntflora/sd_doc_serv//downloadTN.htm?UUID=CVZDFDQHWKDT4L8XNEDBZLTYZMR6V6R5,yes
Nicotiana monoschizocarpa,http://eflora.nt.gov.au/factsheet?id=5556,http://eflora.nt.gov.au/ntflora/sd_doc_serv//downloadTN.htm?UUID=CYWJKBQEYJHQNXY71IHV4EGBYXT5ACSB,yes
Calandrinia disperma,http://eflora.nt.gov.au/factsheet?id=4979,http://eflora.nt.gov.au/ntflora/sd_doc_serv//downloadTN.htm?UUID=CZDS58S16ECKRPBXKG4FXIZ847TFDA2F,yes
Najas malesiana,http://eflora.nt.gov.au/factsheet?id=3970,http://eflora.nt.gov.au/ntflora/sd_doc_serv//downloadTN.htm?UUID=D2WDUDMLZ7LK01GUZFFU7IKJQCGBZ0TS,no
Cryptandra gemmata,http://eflora.nt.gov.au/factsheet?id=25337,http://eflora.nt.gov.au/ntflora/sd_doc_serv//downloadTN.htm?UUID=D4JU5RFVEGZJK529N2OTRBRS4PZRD7UJ,yes
Dicarpidium monoicum,http://eflora.nt.gov.au/factsheet?id=5639,http://eflora.nt.gov.au/ntflora/sd_doc_serv//downloadTN.htm?UUID=D4SKUC2AM7MDHA9WXZDBCGZKHGS0COJC,yes
Nervilia aragoana,http://eflora.nt.gov.au/factsheet?id=4095,http://eflora.nt.gov.au/ntflora/sd_doc_serv//downloadTN.htm?UUID=D9CW0E74VQLWJEN632FGVG6PZEJPQE5W,yes
Macropteranthes kekwickii,http://eflora.nt.gov.au/factsheet?id=1310,http://eflora.nt.gov.au/ntflora/sd_doc_serv//downloadTN.htm?UUID=D9LFI0PRZ81KBZ5YM4G9K6DIXPBENAM1,yes
Spermacoce rupicola,http://eflora.nt.gov.au/factsheet?id=21137,http://eflora.nt.gov.au/ntflora/sd_doc_serv//downloadTN.htm?UUID=DANVY4GRITU61Q86R262TQEQN8VLK8OK,yes
Terminalia bursarina,http://eflora.nt.gov.au/factsheet?id=1316,http://eflora.nt.gov.au/ntflora/sd_doc_serv//downloadTN.htm?UUID=DBQ9WQLYP6SEYOFZ8TFLUXFT7A6QZ234,yes
Orianthera centralis,http://eflora.nt.gov.au/factsheet?id=3032,http://eflora.nt.gov.au/ntflora/sd_doc_serv//downloadTN.htm?UUID=DCIHFYA1NA3A0CFK66AND9Z2INLFC33T,yes
Heliotropium conocarpum,http://eflora.nt.gov.au/factsheet?id=816,http://eflora.nt.gov.au/ntflora/sd_doc_serv//downloadTN.htm?UUID=DEF12OIQ2Y0XM7STPXRH63QSRIBG4DV6,yes
Lindernia aplectra,http://eflora.nt.gov.au/factsheet?id=5439,http://eflora.nt.gov.au/ntflora/sd_doc_serv//downloadTN.htm?UUID=DEJFEWMKYBKCKK3BYAP1P95U7USDIQ4O,yes
Digitaria ctenantha,http://eflora.nt.gov.au/factsheet?id=4369,http://eflora.nt.gov.au/ntflora/sd_doc_serv//downloadTN.htm?UUID=DK2XZL1QRETW8ZL6XSR9Z86BXC6NNFJN,yes
Gynochthodes australiensis,http://eflora.nt.gov.au/factsheet?id=5183,http://eflora.nt.gov.au/ntflora/sd_doc_serv//downloadTN.htm?UUID=DL8M3LQI9QJ5G3SM6OGMKLM1214M9T49,yes
Gomphrena breviflora,http://eflora.nt.gov.au/factsheet?id=20403,http://eflora.nt.gov.au/ntflora/sd_doc_serv//downloadTN.htm?UUID=DQVIRAT6ZVXP7W8MGXSC62PGDT964OZ5,yes
Poranthera coerulea,http://eflora.nt.gov.au/factsheet?id=2087,http://eflora.nt.gov.au/ntflora/sd_doc_serv//downloadTN.htm?UUID=DRACKXELEB2K85XPBUO8C3VFVK97SEZM,no
Denhamia ferdinandi,http://eflora.nt.gov.au/factsheet?id=1100,http://eflora.nt.gov.au/ntflora/sd_doc_serv//downloadTN.htm?UUID=DSZSM11C1WRFWR5DWB92CWY2CL3E3EOI,yes
Phyllanthus aridus,http://eflora.nt.gov.au/factsheet?id=19501,http://eflora.nt.gov.au/ntflora/sd_doc_serv//downloadTN.htm?UUID=DTFQMTQCYZT0IRF2KODPFSZFFO2DXJ8W,yes
Leucopogon acuminatus,http://eflora.nt.gov.au/factsheet?id=1904,http://eflora.nt.gov.au/ntflora/sd_doc_serv//downloadTN.htm?UUID=DY1N55MNMKE1T9YOSXYC00R4J5D3N85K,yes
Ixiochlamys integerrima,http://eflora.nt.gov.au/factsheet?id=585,http://eflora.nt.gov.au/ntflora/sd_doc_serv//downloadTN.htm?UUID=DY89GX4SG3JLQCS1DR5H95A5V37JZFBP,yes
Glycine hirticaulis,http://eflora.nt.gov.au/factsheet?id=2293,http://eflora.nt.gov.au/ntflora/sd_doc_serv//downloadTN.htm?UUID=E1MSHXSKSR631WVE95A3L75ONHQHZHNE,no
Myristica lancifolia,http://eflora.nt.gov.au/factsheet?id=3720,http://eflora.nt.gov.au/ntflora/sd_doc_serv//downloadTN.htm?UUID=E5PQP74K22EJOJLHEE8H5WECBGJ7IF5X,no
Hibbertia scabra,http://eflora.nt.gov.au/factsheet?id=1841,http://eflora.nt.gov.au/ntflora/sd_doc_serv//downloadTN.htm?UUID=E64ZGB2N1IXPH8IUJNVPPVC8T6ZPOE50,yes
Boronia xanthastrum,http://eflora.nt.gov.au/factsheet?id=20245,http://eflora.nt.gov.au/ntflora/sd_doc_serv//downloadTN.htm?UUID=EA7W0P97SSLADDCN5PIR52DP6NYF72PW,yes
Spermacoce lignosa,http://eflora.nt.gov.au/factsheet?id=20998,http://eflora.nt.gov.au/ntflora/sd_doc_serv//downloadTN.htm?UUID=EB29K0VND8BEGNEBSVGGIK2M0NDBUL4Q,yes
Hibiscus lobatus,http://eflora.nt.gov.au/factsheet?id=3203,http://eflora.nt.gov.au/ntflora/sd_doc_serv//downloadTN.htm?UUID=EB9HVTEE1XBHDZI66FM5R1GKI5DZ2WRE,no
Heliotropium flintii,http://eflora.nt.gov.au/factsheet?id=824,http://eflora.nt.gov.au/ntflora/sd_doc_serv//downloadTN.htm?UUID=EBRP9UC1G3DR2JJ97LQXCN2Z38LZ36Z4,yes
Tephrosia ephippioides,http://eflora.nt.gov.au/factsheet?id=20857,http://eflora.nt.gov.au/ntflora/sd_doc_serv//downloadTN.htm?UUID=EC3EP09TX2524M5N303PIYAEG7KPJC0D,no
Cratystylis centralis,http://eflora.nt.gov.au/factsheet?id=22921,http://eflora.nt.gov.au/ntflora/sd_doc_serv//downloadTN.htm?UUID=ECTAFFHU7TPR2DN6MBCEGQ1JX4R76A8L,yes
Trithuria cowieana,http://eflora.nt.gov.au/factsheet?id=27700,http://eflora.nt.gov.au/ntflora/sd_doc_serv//downloadTN.htm?UUID=ELCRLTSG7AVV8TPU8Q90CGF2T4WE30YV,yes
Helicteres procumbens,http://eflora.nt.gov.au/factsheet?id=5657,http://eflora.nt.gov.au/ntflora/sd_doc_serv//downloadTN.htm?UUID=ENNGUZ353B2FHX6344W6MK2CSTVAEZT3,yes
Cladium mariscus,http://eflora.nt.gov.au/factsheet?id=1534,http://eflora.nt.gov.au/ntflora/sd_doc_serv//downloadTN.htm?UUID=ERT7L6QPY6X3BTLIXLFJF7NIVK5YWJN4,yes
Triumfetta pannosa,http://eflora.nt.gov.au/factsheet?id=19466,http://eflora.nt.gov.au/ntflora/sd_doc_serv//downloadTN.htm?UUID=ET0F0XKSSUXJY6L9JYQ81JE5IC4838VZ,yes
Ipomoea versipellis,http://eflora.nt.gov.au/factsheet?id=21044,http://eflora.nt.gov.au/ntflora/sd_doc_serv//downloadTN.htm?UUID=ET1N3K2GXIT221M8WUHULFJP5L8VYNQM,yes
Digitaria benthamiana,http://eflora.nt.gov.au/factsheet?id=4363,http://eflora.nt.gov.au/ntflora/sd_doc_serv//downloadTN.htm?UUID=EZKOPZVIEYLZ7FDBO20VH7SKDGW00VM5,yes
Actinostachys wagneri,http://eflora.nt.gov.au/factsheet?id=5398,http://eflora.nt.gov.au/ntflora/sd_doc_serv//downloadTN.htm?UUID=F14HJQC64CPLFVPN8PH0QOMFACYP0IR6,no
Rhamphicarpa australiensis,http://eflora.nt.gov.au/factsheet?id=5482,http://eflora.nt.gov.au/ntflora/sd_doc_serv//downloadTN.htm?UUID=F6B7MW5O7U0XDZGM0R9OGFSQG7SX1JIE,yes
Cyperus malaccensis,http://eflora.nt.gov.au/factsheet?id=1591,http://eflora.nt.gov.au/ntflora/sd_doc_serv//downloadTN.htm?UUID=FHBB8G6IM49PCYDGHUXIQLUYMFCUNZIA,yes
Ophioglossum polyphyllum,http://eflora.nt.gov.au/factsheet?id=4048,http://eflora.nt.gov.au/ntflora/sd_doc_serv//downloadTN.htm?UUID=FI72QSEDZQTXFAZXQWPZ50XBB4YFUX7Z,yes
Ipomoea bracteolata,http://eflora.nt.gov.au/factsheet?id=1403,http://eflora.nt.gov.au/ntflora/sd_doc_serv//downloadTN.htm?UUID=FNOKB2S5HOZHM7GCU6D1GBLSM5W8BA6N,yes
Dendrolobium multiflorum,http://eflora.nt.gov.au/factsheet?id=21058,http://eflora.nt.gov.au/ntflora/sd_doc_serv//downloadTN.htm?UUID=FQKNBT3I9DSUWHDREARXH8X0006A30ER,no
Najas pseudograminea,http://eflora.nt.gov.au/factsheet?id=3973,http://eflora.nt.gov.au/ntflora/sd_doc_serv//downloadTN.htm?UUID=FSTRG46GRR4A9WMRH5HWF2W6FT8V50P3,no
Hibiscus multilobatus,http://eflora.nt.gov.au/factsheet?id=25859,http://eflora.nt.gov.au/ntflora/sd_doc_serv//downloadTN.htm?UUID=FUER3S6Q2PT3NN12J9XRVO5FJA585QWM,yes
Ixiochlamys nana,http://eflora.nt.gov.au/factsheet?id=586,http://eflora.nt.gov.au/ntflora/sd_doc_serv//downloadTN.htm?UUID=FWJ3QRTBCNV21V09LTAIU66YVMLWNQHS,yes
Cycas arenicola,http://eflora.nt.gov.au/factsheet?id=19670,http://eflora.nt.gov.au/ntflora/sd_doc_serv//downloadTN.htm?UUID=FXQ4846L5TX4P0Q204WDXT9BQEM1SU8M,yes
Gonocarpus leptothecus,http://eflora.nt.gov.au/factsheet?id=2742,http://eflora.nt.gov.au/ntflora/sd_doc_serv//downloadTN.htm?UUID=G3JHB8ULNCBXEC6ZVTR5EVRI98K49C9N,yes
Phyllanthus exilis,http://eflora.nt.gov.au/factsheet?id=19505,http://eflora.nt.gov.au/ntflora/sd_doc_serv//downloadTN.htm?UUID=G5B85LLA7HP1HN393DFCVANEYMA5PWN6,no
Polymeria longifolia,http://eflora.nt.gov.au/factsheet?id=1449,http://eflora.nt.gov.au/ntflora/sd_doc_serv//downloadTN.htm?UUID=G5FFN5OYDF6468GC1JT2PBUQGO60W5O4,yes
Kohautia australiensis,http://eflora.nt.gov.au/factsheet?id=5197,http://eflora.nt.gov.au/ntflora/sd_doc_serv//downloadTN.htm?UUID=G6ELAAW15TRTRYE4WUU0AU9J3DV2M95U,yes
Brachystelma glabriflorum,http://eflora.nt.gov.au/factsheet?id=366,http://eflora.nt.gov.au/ntflora/sd_doc_serv//downloadTN.htm?UUID=GGAEG8113TQXJ0WUU9FNES52B4NGKHUD,yes
Amaranthus centralis,http://eflora.nt.gov.au/factsheet?id=21930,http://eflora.nt.gov.au/ntflora/sd_doc_serv//downloadTN.htm?UUID=GJ383FIKNS3T1VAVNW6TN6KDFBSC8AC5,yes
Sida subcordata,http://eflora.nt.gov.au/factsheet?id=24272,http://eflora.nt.gov.au/ntflora/sd_doc_serv//downloadTN.htm?UUID=GRA6OMS1308X9VS6F1K5F0NRX0QR3JGR,yes
Eleocharis sundaica,http://eflora.nt.gov.au/factsheet?id=1647,http://eflora.nt.gov.au/ntflora/sd_doc_serv//downloadTN.htm?UUID=GTFKYEUP89YMNIQFMK9IV2K56STW0BFI,no
Polygala coralliformis,http://eflora.nt.gov.au/factsheet?id=4912,http://eflora.nt.gov.au/ntflora/sd_doc_serv//downloadTN.htm?UUID=GYZENYU8UWED4AIAQ8JZTHVUBQ6ILLLQ,yes
Stenocarpus verticis,http://eflora.nt.gov.au/factsheet?id=5084,http://eflora.nt.gov.au/ntflora/sd_doc_serv//downloadTN.htm?UUID=H78Q2D8TWOGWR9G1AN4EWMZL9L0POLSN,yes
Gardenia kakaduensis,http://eflora.nt.gov.au/factsheet?id=19530,http://eflora.nt.gov.au/ntflora/sd_doc_serv//downloadTN.htm?UUID=HB4Q1ZRUXF748AHVO7ESDJYCSEL9LLNX,yes
Croton schultzii,http://eflora.nt.gov.au/factsheet?id=1963,http://eflora.nt.gov.au/ntflora/sd_doc_serv//downloadTN.htm?UUID=HLX16ES4U136HPLZW5ZVA9X3QCUGO3KB,no
Tephrosia lamprolobioides,http://eflora.nt.gov.au/factsheet?id=2503,http://eflora.nt.gov.au/ntflora/sd_doc_serv//downloadTN.htm?UUID=HMJCM8FAOH9RLL7SBZ9X5XF6FM6J2GE2,yes
Spermacoce pogostoma,http://eflora.nt.gov.au/factsheet?id=5259,http://eflora.nt.gov.au/ntflora/sd_doc_serv//downloadTN.htm?UUID=HOORCFDFJPI7F1XDOB9HK4MDB222YLLI,yes
Polygala stenoclada,http://eflora.nt.gov.au/factsheet?id=4929,http://eflora.nt.gov.au/ntflora/sd_doc_serv//downloadTN.htm?UUID=HRDFJQVLP6BYPO4GHQBPFI29EGF7XHKL,yes
Yakirra australiensis,http://eflora.nt.gov.au/factsheet?id=4886,http://eflora.nt.gov.au/ntflora/sd_doc_serv//downloadTN.htm?UUID=HSVRO1V7YF7925MF2M2UFR0EY4OGXCOW,yes
Oldenlandia spermacocoides,http://eflora.nt.gov.au/factsheet?id=5219,http://eflora.nt.gov.au/ntflora/sd_doc_serv//downloadTN.htm?UUID=HVJ9VCM7LLOAERER2DFV0GCD5F0B4BDC,yes
Bergia pedicellaris,http://eflora.nt.gov.au/factsheet?id=1893,http://eflora.nt.gov.au/ntflora/sd_doc_serv//downloadTN.htm?UUID=HYBLI53O33HJS03QDMNPGDAGMMCLGKPG,yes
Isoetes coromandelina,http://eflora.nt.gov.au/factsheet?id=19739,http://eflora.nt.gov.au/ntflora/sd_doc_serv//downloadTN.htm?UUID=I3PIYJ4NV7CY0WLTXBQZMJBMBVDIHR0I,no
Maireana luehmannii,http://eflora.nt.gov.au/factsheet?id=1212,http://eflora.nt.gov.au/ntflora/sd_doc_serv//downloadTN.htm?UUID=I4JXS0HEHIJ8NYVLF1MFLCS3T1L66UVI,yes
Cuphonotus andraeanus,http://eflora.nt.gov.au/factsheet?id=878,http://eflora.nt.gov.au/ntflora/sd_doc_serv//downloadTN.htm?UUID=I5UHPWZBD94GX9R9XIP42Z1UB75286SL,yes
Iseilema calvum,http://eflora.nt.gov.au/factsheet?id=4591,http://eflora.nt.gov.au/ntflora/sd_doc_serv//downloadTN.htm?UUID=IELT9CLHSE3PC10BPKW3DHLNF16ENKIB,yes
Xerochrysum interiore,http://eflora.nt.gov.au/factsheet?id=22645,http://eflora.nt.gov.au/ntflora/sd_doc_serv//downloadTN.htm?UUID=IEQSKPRQTQJ48XIJLUZAW973YFJB1530,yes
Croton tomentellus,http://eflora.nt.gov.au/factsheet?id=1970,http://eflora.nt.gov.au/ntflora/sd_doc_serv//downloadTN.htm?UUID=ILL9F5VJA43BJRD8QIDW6Y9OJ8YP9AHM,no
Echinochloa elliptica,http://eflora.nt.gov.au/factsheet?id=4390,http://eflora.nt.gov.au/ntflora/sd_doc_serv//downloadTN.htm?UUID=IM1PMXENJC4HLFPKILVWYTPPK6VADJIT,no
Goodenia brachypoda,http://eflora.nt.gov.au/factsheet?id=2622,http://eflora.nt.gov.au/ntflora/sd_doc_serv//downloadTN.htm?UUID=IO08I9ZZ34O2J9465GTZ66XMOWJEM3VM,yes
Eleocharis brassii,http://eflora.nt.gov.au/factsheet?id=1633,http://eflora.nt.gov.au/ntflora/sd_doc_serv//downloadTN.htm?UUID=IQYYKAMFI5VR2KL4DOH3M3PE2953HRSZ,no
Gomphrena lacinulata,http://eflora.nt.gov.au/factsheet?id=20525,http://eflora.nt.gov.au/ntflora/sd_doc_serv//downloadTN.htm?UUID=ITMSTNKKK4CJUTIKCPXBXXGV0C2EHVGZ,yes
Dendrolobium polyneurum,http://eflora.nt.gov.au/factsheet?id=21059,http://eflora.nt.gov.au/ntflora/sd_doc_serv//downloadTN.htm?UUID=JGHFIXW0XLEJY7IHETLBCB2M5DZMR4TJ,no
Heliotropium cupressinum,http://eflora.nt.gov.au/factsheet?id=22206,http://eflora.nt.gov.au/ntflora/sd_doc_serv//downloadTN.htm?UUID=JOJDXHLULUOGR9KUI9O8J3RN0CKFCL6R,yes
Hibbertia caudice,http://eflora.nt.gov.au/factsheet?id=24314,http://eflora.nt.gov.au/ntflora/sd_doc_serv//downloadTN.htm?UUID=JQTOPGN4CNBYR39N0X8A7K54T4FLIK4G,yes
Myriophyllum callitrichoides,http://eflora.nt.gov.au/factsheet?id=2753,http://eflora.nt.gov.au/ntflora/sd_doc_serv//downloadTN.htm?UUID=JRYH22YQC8J5VXTE4T3JA59COV1ESZOK,no
Oldenlandia argillacea,http://eflora.nt.gov.au/factsheet?id=5207,http://eflora.nt.gov.au/ntflora/sd_doc_serv//downloadTN.htm?UUID=K126I5AG77B5FVP0AYAR45BW6DOQ9L3G,yes
Myriophyllum muricatum,http://eflora.nt.gov.au/factsheet?id=2757,http://eflora.nt.gov.au/ntflora/sd_doc_serv//downloadTN.htm?UUID=K2OKSU9N1Z94HL0C2FYOMZKORM7HMXP1,no
Cheilanthes praetermissa,http://eflora.nt.gov.au/factsheet?id=5525,http://eflora.nt.gov.au/ntflora/sd_doc_serv//downloadTN.htm?UUID=K5V7U9DT90GOA3DQW7O5Z6ZNBPIONRB6,no
Eleocharis caespitosissima,http://eflora.nt.gov.au/factsheet?id=1634,http://eflora.nt.gov.au/ntflora/sd_doc_serv//downloadTN.htm?UUID=K6658DDWJWCK1W7EBOV4CEEQ8LTB4BHK,no
Sida laevis,http://eflora.nt.gov.au/factsheet?id=3278,http://eflora.nt.gov.au/ntflora/sd_doc_serv//downloadTN.htm?UUID=KE9H2E0KDNOSXQA936W95TZ4DWED9989,yes
Tephrosia polyzyga,http://eflora.nt.gov.au/factsheet?id=2512,http://eflora.nt.gov.au/ntflora/sd_doc_serv//downloadTN.htm?UUID=KKH3SJZXCBQARS62RJO455BJ5ZE195FQ,no
Goodenia glandulosa,http://eflora.nt.gov.au/factsheet?id=2637,http://eflora.nt.gov.au/ntflora/sd_doc_serv//downloadTN.htm?UUID=KPBODJ6L2H04JLAJ8T2DVVJGXOZBYVLC,yes
Ophioglossum costatum,http://eflora.nt.gov.au/factsheet?id=4042,http://eflora.nt.gov.au/ntflora/sd_doc_serv//downloadTN.htm?UUID=KRJJ5S9OILOHD73CHR0DW5SF6OA9VZIN,no
Maireana scleroptera,http://eflora.nt.gov.au/factsheet?id=1219,http://eflora.nt.gov.au/ntflora/sd_doc_serv//downloadTN.htm?UUID=L0PKSRVH1T20406OYGZV8SXK5AFZLOGI,yes
Larsenaikia suffruticosa,http://eflora.nt.gov.au/factsheet?id=5192,http://eflora.nt.gov.au/ntflora/sd_doc_serv//downloadTN.htm?UUID=L5EBG0UUCIX3YS9ITO1BW8USQQ8KTDEQ,yes
Phyllanthus lacerosus,http://eflora.nt.gov.au/factsheet?id=2075,http://eflora.nt.gov.au/ntflora/sd_doc_serv//downloadTN.htm?UUID=LC1675Q43F7MB5FVJK7D5H9SDT3L82XZ,yes
Schoenoplectiella laevis,http://eflora.nt.gov.au/factsheet?id=1776,http://eflora.nt.gov.au/ntflora/sd_doc_serv//downloadTN.htm?UUID=LC5WVZE769FXUCIBL0BOJ2B7VGHR7IPR,yes
Eriachne nervosa,http://eflora.nt.gov.au/factsheet?id=4518,http://eflora.nt.gov.au/ntflora/sd_doc_serv//downloadTN.htm?UUID=LDBQIMI1JQEUYW99XX8M5UBPFD0CEEQH,yes
Sida argillacea,http://eflora.nt.gov.au/factsheet?id=3263,http://eflora.nt.gov.au/ntflora/sd_doc_serv//downloadTN.htm?UUID=LEVXL5Z0D2Z5JPVGEBT1M5ZMGPWL13W2,yes
Hibbertia arnhemica,http://eflora.nt.gov.au/factsheet?id=19540,http://eflora.nt.gov.au/ntflora/sd_doc_serv//downloadTN.htm?UUID=LFV9X85A6J3P7QPZ3VHOJ2ZGA11XOK93,yes
Eleocharis atropurpurea,http://eflora.nt.gov.au/factsheet?id=1632,http://eflora.nt.gov.au/ntflora/sd_doc_serv//downloadTN.htm?UUID=LH6UND55L7NPPRP3PU6I0K6VGIQB48HI,no
Calandrinia arenicola,http://eflora.nt.gov.au/factsheet?id=4976,http://eflora.nt.gov.au/ntflora/sd_doc_serv//downloadTN.htm?UUID=LHCW0HVSTPSGUS08BWWQEO1H5Y4RY0MX,yes
Huxleya linifolia,http://eflora.nt.gov.au/factsheet?id=5890,http://eflora.nt.gov.au/ntflora/sd_doc_serv//downloadTN.htm?UUID=LITJAKSB9PXOLYULZHLVD30N43W8X3L9,yes
Najas browniana,http://eflora.nt.gov.au/factsheet?id=3967,http://eflora.nt.gov.au/ntflora/sd_doc_serv//downloadTN.htm?UUID=LNAP5O24UUKJW4FS3GNGOUW1QRJ3JLUQ,no
Dopatrium junceum,http://eflora.nt.gov.au/factsheet?id=5421,http://eflora.nt.gov.au/ntflora/sd_doc_serv//downloadTN.htm?UUID=LR3V59ETMNLKGX1S2HAYCR99XTTAC248,yes
Plagiocarpus axillaris,http://eflora.nt.gov.au/factsheet?id=2397,http://eflora.nt.gov.au/ntflora/sd_doc_serv//downloadTN.htm?UUID=LRH39AWF3U4KK18DYQNTZ1BPA9Q809R8,yes
Digitaria mariannensis,http://eflora.nt.gov.au/factsheet?id=17414,http://eflora.nt.gov.au/ntflora/sd_doc_serv//downloadTN.htm?UUID=LWAQDRT9OIWSOMBUFGM4JQ0DNFSG3OD0,yes
Synostemon glaucus,http://eflora.nt.gov.au/factsheet?id=2106,http://eflora.nt.gov.au/ntflora/sd_doc_serv//downloadTN.htm?UUID=M0QFF6C60UQD4BIPVOLEQPY57ROP50SK,yes
Najas foveolata,http://eflora.nt.gov.au/factsheet?id=3968,http://eflora.nt.gov.au/ntflora/sd_doc_serv//downloadTN.htm?UUID=M40A60YCEJHNWCGM8XSUPAXPWMB55Y2H,no
Utricularia fistulosa,http://eflora.nt.gov.au/factsheet?id=15333,http://eflora.nt.gov.au/ntflora/sd_doc_serv//downloadTN.htm?UUID=M6MVYGAURYMW9OSSSERLZLUZLHKJKF7W,yes
Myrsine pedicellata,http://eflora.nt.gov.au/factsheet?id=3730,http://eflora.nt.gov.au/ntflora/sd_doc_serv//downloadTN.htm?UUID=MAG8G8G29XN66H8HU0YDAEHM9710Y50J,no
Solanum tetrandrum,http://eflora.nt.gov.au/factsheet?id=5603,http://eflora.nt.gov.au/ntflora/sd_doc_serv//downloadTN.htm?UUID=MB67Q09NPACY90ATFB9ULJ7V7K8YJF9A,yes
Galactia megalophylla,http://eflora.nt.gov.au/factsheet?id=2282,http://eflora.nt.gov.au/ntflora/sd_doc_serv//downloadTN.htm?UUID=MD9P77Q63VB7S1S4MO7PYK97YCP5XGX9,no
Digitaria longiflora,http://eflora.nt.gov.au/factsheet?id=4373,http://eflora.nt.gov.au/ntflora/sd_doc_serv//downloadTN.htm?UUID=MI186NCIYWSD13QB3W7DNGAH4889FO6N,yes
Homalocalyx ericaeus,http://eflora.nt.gov.au/factsheet?id=3880,http://eflora.nt.gov.au/ntflora/sd_doc_serv//downloadTN.htm?UUID=MI60VANOR68JIUDP38I36I8HJ495MXGZ,yes
Ricinocarpos trichophyllus,http://eflora.nt.gov.au/factsheet?id=27618,http://eflora.nt.gov.au/ntflora/sd_doc_serv//downloadTN.htm?UUID=MIO87U59Y16PDNAYUDQ64LUFG85AFEV8,yes
Lindernia tiwiensis,http://eflora.nt.gov.au/factsheet?id=5448,http://eflora.nt.gov.au/ntflora/sd_doc_serv//downloadTN.htm?UUID=MKIG5WASXQR1BA422YZXXFUDR5IPACY6,yes
Stenopetalum decipiens,http://eflora.nt.gov.au/factsheet?id=899,http://eflora.nt.gov.au/ntflora/sd_doc_serv//downloadTN.htm?UUID=MQDG2XD6W7MFEHWB06D6M4NUWCAX8EN0,yes
Dodonaea oxyptera,http://eflora.nt.gov.au/factsheet?id=5367,http://eflora.nt.gov.au/ntflora/sd_doc_serv//downloadTN.htm?UUID=N2BPYPO26TX9A5TVU3JH1O12U322IEVJ,yes
Calycopeplus collinus,http://eflora.nt.gov.au/factsheet?id=1957,http://eflora.nt.gov.au/ntflora/sd_doc_serv//downloadTN.htm?UUID=N6NO2OEAPDBDEDTBR44ZB1PXZQ39MSFD,yes
Bergia pusilla,http://eflora.nt.gov.au/factsheet?id=1897,http://eflora.nt.gov.au/ntflora/sd_doc_serv//downloadTN.htm?UUID=N6RKEINDHAJ41PO46S8JOIWLS9BMI5W9,no
Melaleuca sericea,http://eflora.nt.gov.au/factsheet?id=3915,http://eflora.nt.gov.au/ntflora/sd_doc_serv//downloadTN.htm?UUID=N773KHFI23XAHSEYYCN6UA56KS18DD15,yes
Xanthostemon psidioides,http://eflora.nt.gov.au/factsheet?id=3963,http://eflora.nt.gov.au/ntflora/sd_doc_serv//downloadTN.htm?UUID=N8KV6UGGX4HSN3MSPHTB8UHZN3JH9G2L,no
Heliotropium haesum,http://eflora.nt.gov.au/factsheet?id=829,http://eflora.nt.gov.au/ntflora/sd_doc_serv//downloadTN.htm?UUID=N971ONL56UTJ6ZONTCA5VVN0FA8LUX8I,yes
Stemona prostrata,http://eflora.nt.gov.au/factsheet?id=5625,http://eflora.nt.gov.au/ntflora/sd_doc_serv//downloadTN.htm?UUID=NCFNIRT4OFYGZ7HFGWOUOC5GEKM8E6KE,yes
Vachellia valida,http://eflora.nt.gov.au/factsheet?id=26572,http://eflora.nt.gov.au/ntflora/sd_doc_serv//downloadTN.htm?UUID=NIB6NO7RZO714TK8V1G3F8VF7H0HEHV7,yes
Tephrosia nematophylla,http://eflora.nt.gov.au/factsheet?id=2508,http://eflora.nt.gov.au/ntflora/sd_doc_serv//downloadTN.htm?UUID=NS6YH0LW4KMQBEU05DLXZVVC8DFO2V6W,yes
Lindernia scutellata,http://eflora.nt.gov.au/factsheet?id=19717,http://eflora.nt.gov.au/ntflora/sd_doc_serv//downloadTN.htm?UUID=NU7UNUOFZB9ZF8O78JL3GH6RUMOFFG20,yes
Ficus carpentariensis,http://eflora.nt.gov.au/factsheet?id=3640,http://eflora.nt.gov.au/ntflora/sd_doc_serv//downloadTN.htm?UUID=NUGEC5HQBP9DSFOWPJYFFR7S6LC4X4EP,no
Eriocaulon willdenovianum,http://eflora.nt.gov.au/factsheet?id=1929,http://eflora.nt.gov.au/ntflora/sd_doc_serv//downloadTN.htm?UUID=NZYX4P0AYBUY8S503UWXS03I1Q7YL2X7,no
Polygala integra,http://eflora.nt.gov.au/factsheet?id=4911,http://eflora.nt.gov.au/ntflora/sd_doc_serv//downloadTN.htm?UUID=O7J2EHI1AZN9WPLAQ6QYA7M4BSTE0AWY,yes
Corchorus capsularis,http://eflora.nt.gov.au/factsheet?id=5778,http://eflora.nt.gov.au/ntflora/sd_doc_serv//downloadTN.htm?UUID=O7KFBPFGQZT2E9JURWLOT6WHB1LVAF9X,no
Asplenium longissimum,http://eflora.nt.gov.au/factsheet?id=22270,http://eflora.nt.gov.au/ntflora/sd_doc_serv//downloadTN.htm?UUID=ODQWQAQKFJKIMCAYR0DDLOY4SHAMB1S9,no
Fimbristylis clavata,http://eflora.nt.gov.au/factsheet?id=1668,http://eflora.nt.gov.au/ntflora/sd_doc_serv//downloadTN.htm?UUID=OF9626DAQ0QPOGRA4ETSAHLVHRXCH3Z1,no
Polycarpaea arida,http://eflora.nt.gov.au/factsheet?id=1050,http://eflora.nt.gov.au/ntflora/sd_doc_serv//downloadTN.htm?UUID=OGCTCKJZM9HNID4MO0V0TJB518KTLK0F,no
Oldenlandia laceyi,http://eflora.nt.gov.au/factsheet?id=5212,http://eflora.nt.gov.au/ntflora/sd_doc_serv//downloadTN.htm?UUID=OH7BIRSGZZVFT7RXJIWZNIC8PGOT1LF5,yes
Polycarpaea breviflora,http://eflora.nt.gov.au/factsheet?id=1051,http://eflora.nt.gov.au/ntflora/sd_doc_serv//downloadTN.htm?UUID=OIVYE974ULEYGJCI0DB083O1FZ02RZH0,yes
Sehima nervosum,http://eflora.nt.gov.au/factsheet?id=4754,http://eflora.nt.gov.au/ntflora/sd_doc_serv//downloadTN.htm?UUID=OJ4926OSHR9KEOQ88MRPCVD09D0VVDS1,no
Senna procumbens,http://eflora.nt.gov.au/factsheet?id=997,http://eflora.nt.gov.au/ntflora/sd_doc_serv//downloadTN.htm?UUID=OMZ6TTJVJL28454EZNJEMN0PQCY6F0JS,no
Fimbristylis tetragona,http://eflora.nt.gov.au/factsheet?id=1736,http://eflora.nt.gov.au/ntflora/sd_doc_serv//downloadTN.htm?UUID=ON1O0LU2YOI7QYV5WDL0T26RRM3RNW21,yes
Sophora longipes,http://eflora.nt.gov.au/factsheet?id=2440,http://eflora.nt.gov.au/ntflora/sd_doc_serv//downloadTN.htm?UUID=OQN33Q1Z6IB22HJJ8IA4TUM1QJ9S1554,no
Cheilanthes fragillima,http://eflora.nt.gov.au/factsheet?id=5518,http://eflora.nt.gov.au/ntflora/sd_doc_serv//downloadTN.htm?UUID=OR5EEIJCJHLMGFEQLS2N83E7RXTNE0IV,no
Peplidium maritimum,http://eflora.nt.gov.au/factsheet?id=5479,http://eflora.nt.gov.au/ntflora/sd_doc_serv//downloadTN.htm?UUID=OV15HVMWBS3IWJQCN6NQKN28T48C1Q0Y,no
Eriocaulon carpentariae,http://eflora.nt.gov.au/factsheet?id=1910,http://eflora.nt.gov.au/ntflora/sd_doc_serv//downloadTN.htm?UUID=OXTTIWZCJRU0HDKZ392WGJVGT3XDFP3L,no
Eriachne benthamii,http://eflora.nt.gov.au/factsheet?id=4497,http://eflora.nt.gov.au/ntflora/sd_doc_serv//downloadTN.htm?UUID=P1PPU0HORNBLMVYO1PQF2CGOWOBBI4O3,yes
Goodenia porphyrea,http://eflora.nt.gov.au/factsheet?id=2664,http://eflora.nt.gov.au/ntflora/sd_doc_serv//downloadTN.htm?UUID=P27OVC9BSY8ALILPIAUZZYPX44RSUPNT,yes
Zornia acuta,http://eflora.nt.gov.au/factsheet?id=2548,http://eflora.nt.gov.au/ntflora/sd_doc_serv//downloadTN.htm?UUID=P2WCX8FTQP3RA3QSV7SSNBUGOKXLN9C2,no
Leucopogon sonderensis,http://eflora.nt.gov.au/factsheet?id=1905,http://eflora.nt.gov.au/ntflora/sd_doc_serv//downloadTN.htm?UUID=P3ARWUS0OV0AUI7R438QXQXBCYQJ226Q,yes
Goodenia minutiflora,http://eflora.nt.gov.au/factsheet?id=24281,http://eflora.nt.gov.au/ntflora/sd_doc_serv//downloadTN.htm?UUID=P8AQDUM2TF1SZ096OUOB5CRKOLTEJ8B5,yes
Finlaysonia obovata,http://eflora.nt.gov.au/factsheet?id=384,http://eflora.nt.gov.au/ntflora/sd_doc_serv//downloadTN.htm?UUID=PA454FJH45NULAX4YCAKPC25XSXBLGLC,yes
Urena australiensis,http://eflora.nt.gov.au/factsheet?id=3297,http://eflora.nt.gov.au/ntflora/sd_doc_serv//downloadTN.htm?UUID=PBFKSEK31SRIN7JIEYEJT85BP09H6F0D,no
Distimake davenportii,http://eflora.nt.gov.au/factsheet?id=1435,http://eflora.nt.gov.au/ntflora/sd_doc_serv//downloadTN.htm?UUID=PG39HKSRNRNDTF7C1RGOE57GGW738OU9,yes
Triodia procera,http://eflora.nt.gov.au/factsheet?id=4850,http://eflora.nt.gov.au/ntflora/sd_doc_serv//downloadTN.htm?UUID=PI0P757VR2RXH3C6DQBNXUW7S5R6Q4O0,yes
Eriocaulon scullionii,http://eflora.nt.gov.au/factsheet?id=1924,http://eflora.nt.gov.au/ntflora/sd_doc_serv//downloadTN.htm?UUID=PIWRF9WYUJLZNKWL6IXLG6OZG33LVB3M,yes
Bonnaya cowiei,http://eflora.nt.gov.au/factsheet?id=20859,http://eflora.nt.gov.au/ntflora/sd_doc_serv//downloadTN.htm?UUID=PLDHS3ZGA6SYSCCU3W4U02IYA0IG1WLJ,no
Eleocharis papillosa,http://eflora.nt.gov.au/factsheet?id=1642,http://eflora.nt.gov.au/ntflora/sd_doc_serv//downloadTN.htm?UUID=PWTSA5YUXVAGUUNTZX5MV7TVGSOT8P85,no
Cyperus serotinus,http://eflora.nt.gov.au/factsheet?id=1614,http://eflora.nt.gov.au/ntflora/sd_doc_serv//downloadTN.htm?UUID=PXGUILYNX1XS2SXQNO9828P96WO26R2W,no
Eriocaulon concretum,http://eflora.nt.gov.au/factsheet?id=1912,http://eflora.nt.gov.au/ntflora/sd_doc_serv//downloadTN.htm?UUID=Q1BIJ3O5WZBJRY07M5DO8644LFMWOMKS,no
Eriachne basedowii,http://eflora.nt.gov.au/factsheet?id=4496,http://eflora.nt.gov.au/ntflora/sd_doc_serv//downloadTN.htm?UUID=Q2PFHH163OOEVSB6Y87EI6IWTJ5FU9JQ,yes
Gomphrena involucrata,http://eflora.nt.gov.au/factsheet?id=20517,http://eflora.nt.gov.au/ntflora/sd_doc_serv//downloadTN.htm?UUID=Q7TS38EERZXDWMG2NT98RN343OWX37T9,no
Goodenia coronopifolia,http://eflora.nt.gov.au/factsheet?id=2629,http://eflora.nt.gov.au/ntflora/sd_doc_serv//downloadTN.htm?UUID=Q7UXMAODJCUIH0QTZ1GXI5Z3HGHOIIG9,yes
Myriophyllum filiforme,http://eflora.nt.gov.au/factsheet?id=2756,http://eflora.nt.gov.au/ntflora/sd_doc_serv//downloadTN.htm?UUID=Q8MJNZ2FNIUIWD3WGA1W3YD7N0WU1NB3,no
Goodenia faucium,http://eflora.nt.gov.au/factsheet?id=2634,http://eflora.nt.gov.au/ntflora/sd_doc_serv//downloadTN.htm?UUID=QI24NXMFZWDEZDBXAM439FHOU8F6ODBL,yes
Senna leptoclada,http://eflora.nt.gov.au/factsheet?id=990,http://eflora.nt.gov.au/ntflora/sd_doc_serv//downloadTN.htm?UUID=QK3WDZYOESCAXYPQEL300OM17GET1R89,yes
Tephrosia brachycarpa,http://eflora.nt.gov.au/factsheet?id=2484,http://eflora.nt.gov.au/ntflora/sd_doc_serv//downloadTN.htm?UUID=QTY0K4FRDA9GLDWS647MN7LKHYJ04U22,yes
Knoxia stricta,http://eflora.nt.gov.au/factsheet?id=5194,http://eflora.nt.gov.au/ntflora/sd_doc_serv//downloadTN.htm?UUID=QZT86J2JXZZPBYNJJTKCNW43LVFM2KM8,yes
Indigofera schultziana,http://eflora.nt.gov.au/factsheet?id=2327,http://eflora.nt.gov.au/ntflora/sd_doc_serv//downloadTN.htm?UUID=QZZ5Z0X80PFQBO4CS11Q4P1H5R6WHEED,no
Eriachne armittii,http://eflora.nt.gov.au/factsheet?id=4492,http://eflora.nt.gov.au/ntflora/sd_doc_serv//downloadTN.htm?UUID=R1DFCJ02F9ML8SN0QFZ6H34293JA2VAV,yes
Amyema haematodes,http://eflora.nt.gov.au/factsheet?id=3079,http://eflora.nt.gov.au/ntflora/sd_doc_serv//downloadTN.htm?UUID=R4LKTKJSDFWHTLEHONB4KJQOVYG54A27,no
Eriocaulon nematophyllum,http://eflora.nt.gov.au/factsheet?id=20892,http://eflora.nt.gov.au/ntflora/sd_doc_serv//downloadTN.htm?UUID=R5RKJAMO8J70SCAGB7VV7XEBGXF7Q8XN,no
Sacciolepis myosuroides,http://eflora.nt.gov.au/factsheet?id=4743,http://eflora.nt.gov.au/ntflora/sd_doc_serv//downloadTN.htm?UUID=R6Z69TQ68KZJ9M1PZ1B0H4XLB2I3RLIF,no
Eleocharis nuda,http://eflora.nt.gov.au/factsheet?id=1639,http://eflora.nt.gov.au/ntflora/sd_doc_serv//downloadTN.htm?UUID=RCEV3M4Z7P3QHNTVQPIGNFK2HUHSZKN2,no
Blyxa octandra,http://eflora.nt.gov.au/factsheet?id=2792,http://eflora.nt.gov.au/ntflora/sd_doc_serv//downloadTN.htm?UUID=RKBFOEUODKVNE9EJ3R4EJMXLHFHEPGF4,no
Goodenia quadrifida,http://eflora.nt.gov.au/factsheet?id=2669,http://eflora.nt.gov.au/ntflora/sd_doc_serv//downloadTN.htm?UUID=RO45IB4KLX38V9G61VMTIYKY3CDTNQ7U,no
Lemna tenera,http://eflora.nt.gov.au/factsheet?id=2917,http://eflora.nt.gov.au/ntflora/sd_doc_serv//downloadTN.htm?UUID=ROM36XL6PUF64YQV932H0615JNHNXE8T,no
Atriplex sturtii,http://eflora.nt.gov.au/factsheet?id=1140,http://eflora.nt.gov.au/ntflora/sd_doc_serv//downloadTN.htm?UUID=RVONJYOL03MR0PIZTVBWGAYFKH92Z4EL,yes
Hibiscus byrnesii,http://eflora.nt.gov.au/factsheet?id=3199,http://eflora.nt.gov.au/ntflora/sd_doc_serv//downloadTN.htm?UUID=RXXYT0OBVZX8FEKQ2RX4N0PHUYQ7EL4C,no
Boronia amplectens,http://eflora.nt.gov.au/factsheet?id=20242,http://eflora.nt.gov.au/ntflora/sd_doc_serv//downloadTN.htm?UUID=S5QIQA1ZES08RL6ZOOOZOHYC1EGHCY3H,yes
Eriocaulon patericola,http://eflora.nt.gov.au/factsheet?id=20893,http://eflora.nt.gov.au/ntflora/sd_doc_serv//downloadTN.htm?UUID=S6ROTJ6M09XVHO7SWKUFFPVCOFCDZNDA,no
Atriplex humifusa,http://eflora.nt.gov.au/factsheet?id=1124,http://eflora.nt.gov.au/ntflora/sd_doc_serv//downloadTN.htm?UUID=S6VO4PBGVCZISJUZBCMHHB4K2880QS4T,yes
Eleocharis spiralis,http://eflora.nt.gov.au/factsheet?id=1646,http://eflora.nt.gov.au/ntflora/sd_doc_serv//downloadTN.htm?UUID=S7IVWQF8G7FA940W4WK4G8ZJIM1MXOPY,no
Ophiuros exaltatus,http://eflora.nt.gov.au/factsheet?id=4643,http://eflora.nt.gov.au/ntflora/sd_doc_serv//downloadTN.htm?UUID=S8C4BISWFICBJSTYO2705RT9NOEFRBLE,no
Calochilus holtzei,http://eflora.nt.gov.au/factsheet?id=4061,http://eflora.nt.gov.au/ntflora/sd_doc_serv//downloadTN.htm?UUID=S8IYPXXKG4MKLUYPD16WMC1VL6835R9Z,yes
Corchorus fascicularis,http://eflora.nt.gov.au/factsheet?id=5780,http://eflora.nt.gov.au/ntflora/sd_doc_serv//downloadTN.htm?UUID=SIIPVRW7RCITRIE8UVQHZWWG38QAZWDS,yes
Boronia verecunda,http://eflora.nt.gov.au/factsheet?id=20244,http://eflora.nt.gov.au/ntflora/sd_doc_serv//downloadTN.htm?UUID=SKROLMS8A5DVBH2SPNOXKKZ926ORUSOP,yes
Goodenia heppleana,http://eflora.nt.gov.au/factsheet?id=2643,http://eflora.nt.gov.au/ntflora/sd_doc_serv//downloadTN.htm?UUID=SMC4K534LL2R9H0LYRD8TI03HUXQMMYZ,yes
Iseilema fragile,http://eflora.nt.gov.au/factsheet?id=4596,http://eflora.nt.gov.au/ntflora/sd_doc_serv//downloadTN.htm?UUID=SNYK7O1ZFROMZIYWP2TMSN0KYPZRXBAE,no
Goodenia argillacea,http://eflora.nt.gov.au/factsheet?id=2616,http://eflora.nt.gov.au/ntflora/sd_doc_serv//downloadTN.htm?UUID=T1L5FOJL5INMJMUEMF6BMBFCBQSU7DMG,yes
Xyris cheumatophila,http://eflora.nt.gov.au/factsheet?id=12166,http://eflora.nt.gov.au/ntflora/sd_doc_serv//downloadTN.htm?UUID=T23EEFUDQKQT88556D5UIMMX2O8U939Q,yes
Pimelea filifolia,http://eflora.nt.gov.au/factsheet?id=5767,http://eflora.nt.gov.au/ntflora/sd_doc_serv//downloadTN.htm?UUID=T2ZJ0XUVYE0BRYP0ZSYXG84P6ONXC3AK,yes
Phyllanthus minutiflorus,http://eflora.nt.gov.au/factsheet?id=22457,http://eflora.nt.gov.au/ntflora/sd_doc_serv//downloadTN.htm?UUID=T5FO9SIOTJSM312Y9BAMVM0OXKI6CRVU,no
Spermacoce elaiosoma,http://eflora.nt.gov.au/factsheet?id=22122,http://eflora.nt.gov.au/ntflora/sd_doc_serv//downloadTN.htm?UUID=TBG33PJNRRKUG6WXVBT75TK88TLW68YS,yes
Myriophyllum trachycarpum,http://eflora.nt.gov.au/factsheet?id=2758,http://eflora.nt.gov.au/ntflora/sd_doc_serv//downloadTN.htm?UUID=TL8AFK9I7HAWZHJ45KWVF9SONPGKZC12,no
Spermacoce platyloba,http://eflora.nt.gov.au/factsheet?id=23910,http://eflora.nt.gov.au/ntflora/sd_doc_serv//downloadTN.htm?UUID=TPH81PGSKH0LIB0WSSM3EQNWQ80UNA0L,yes
Dubouzetia australiensis,http://eflora.nt.gov.au/factsheet?id=1880,http://eflora.nt.gov.au/ntflora/sd_doc_serv//downloadTN.htm?UUID=U0BGZI5ZT8B6AACSZYKZVMP8GZ7XL9NT,yes
Eriocaulon tricornum,http://eflora.nt.gov.au/factsheet?id=22022,http://eflora.nt.gov.au/ntflora/sd_doc_serv//downloadTN.htm?UUID=U7CF7U6WQXD4DPBO8EOUQTHQLNO93UJX,no
Goodenia janamba,http://eflora.nt.gov.au/factsheet?id=2648,http://eflora.nt.gov.au/ntflora/sd_doc_serv//downloadTN.htm?UUID=U91FMSPNVS8JUJEPNMY1R0HJOIPD38ZP,yes
Pentapetes phoenicea,http://eflora.nt.gov.au/factsheet?id=5680,http://eflora.nt.gov.au/ntflora/sd_doc_serv//downloadTN.htm?UUID=UDVIV68731LIXMZC7KUEV7S63AU8LV2U,no
Phyllanthus sulcatus,http://eflora.nt.gov.au/factsheet?id=19508,http://eflora.nt.gov.au/ntflora/sd_doc_serv//downloadTN.htm?UUID=UEZIKJY8LO7NR8NZNBOYM9X502D3L2UH,no
Synostemon hubbardii,http://eflora.nt.gov.au/factsheet?id=24560,http://eflora.nt.gov.au/ntflora/sd_doc_serv//downloadTN.htm?UUID=UM511FQREVJHTOL5I7G2SBI9WJGEZT9F,yes
Polygala obversa,http://eflora.nt.gov.au/factsheet?id=25246,http://eflora.nt.gov.au/ntflora/sd_doc_serv//downloadTN.htm?UUID=UYFFBITSFF3QR5D100ZLWE1U83S5FSP5,yes
Polycarpaea microceps,http://eflora.nt.gov.au/factsheet?id=1062,http://eflora.nt.gov.au/ntflora/sd_doc_serv//downloadTN.htm?UUID=V05IJRRN2T6A0UMS9OX2ELDOEOZYMT6N,no
Goodenia malvina,http://eflora.nt.gov.au/factsheet?id=2655,http://eflora.nt.gov.au/ntflora/sd_doc_serv//downloadTN.htm?UUID=V1P92JYRHYZJVTF14MVXQRTHN8S3PUDY,yes
Vachellia pallidifolia,http://eflora.nt.gov.au/factsheet?id=26569,http://eflora.nt.gov.au/ntflora/sd_doc_serv//downloadTN.htm?UUID=V75ZPZVRCHMFRGVMTXDCO8PQ5TV6L35M,no
Heliotropium plumosum,http://eflora.nt.gov.au/factsheet?id=837,http://eflora.nt.gov.au/ntflora/sd_doc_serv//downloadTN.htm?UUID=VFW88SUIJYMIKPYDV9NHGHVHCY4OQK8T,yes
Fimbristylis lanceolata,http://eflora.nt.gov.au/factsheet?id=1696,http://eflora.nt.gov.au/ntflora/sd_doc_serv//downloadTN.htm?UUID=VM06XHEEOXPGMIGGDQL9C5ONAE6H4C76,yes
Hibbertia ciliolata,http://eflora.nt.gov.au/factsheet?id=20649,http://eflora.nt.gov.au/ntflora/sd_doc_serv//downloadTN.htm?UUID=VYZ39JWFJU5RLFPBK3U09WQU1L35EXOI,yes
Ipomoea brassii,http://eflora.nt.gov.au/factsheet?id=1398,http://eflora.nt.gov.au/ntflora/sd_doc_serv//downloadTN.htm?UUID=W527WUSVHBL3LYZ6F425AB91CSMHK707,yes
Tectaria siifolia,http://eflora.nt.gov.au/factsheet?id=20728,http://eflora.nt.gov.au/ntflora/sd_doc_serv//downloadTN.htm?UUID=WEH7NQO65TQT1F1WTHCDSBEZURV22IM1,no
Goodenia hispida,http://eflora.nt.gov.au/factsheet?id=2646,http://eflora.nt.gov.au/ntflora/sd_doc_serv//downloadTN.htm?UUID=WEWVSVX199D7E1C1BPZF1MWWUTHRT071,yes
Aeschynomene aspera,http://eflora.nt.gov.au/factsheet?id=2131,http://eflora.nt.gov.au/ntflora/sd_doc_serv//downloadTN.htm?UUID=WEXB5UGUZKP9ZNRMV4V3UV8PH1A9KOV5,no
Vachellia douglasica,http://eflora.nt.gov.au/factsheet?id=26566,http://eflora.nt.gov.au/ntflora/sd_doc_serv//downloadTN.htm?UUID=WHFDLFB3LUQFK2M7PL7SIDJZHI7HATMD,no
Eriachne stipacea,http://eflora.nt.gov.au/factsheet?id=4534,http://eflora.nt.gov.au/ntflora/sd_doc_serv//downloadTN.htm?UUID=WZ4K9XJ1H5MK78QKXFZHOESDFQL252AU,yes
Cyperus digitatus,http://eflora.nt.gov.au/factsheet?id=1570,http://eflora.nt.gov.au/ntflora/sd_doc_serv//downloadTN.htm?UUID=X333LZ86RBMTADOS71CQ2JDHOMBINYJA,no
Nymphaea georginae,http://eflora.nt.gov.au/factsheet?id=26573,http://eflora.nt.gov.au/ntflora/sd_doc_serv//downloadTN.htm?UUID=XKDXTZGWKQNVVFDECXLHBKOAJVU3E1ES,yes
Eriocaulon inapertum,http://eflora.nt.gov.au/factsheet?id=1918,http://eflora.nt.gov.au/ntflora/sd_doc_serv//downloadTN.htm?UUID=XL2XEJAOP2ZC1WCGYPKCZ7RKRQ0N9AGP,no
Goodenia gloeophylla,http://eflora.nt.gov.au/factsheet?id=2638,http://eflora.nt.gov.au/ntflora/sd_doc_serv//downloadTN.htm?UUID=XLPD7N5CJS6J4VKXIU75FPSU7TKMSS1E,yes
Tephrosia subpectinata,http://eflora.nt.gov.au/factsheet?id=2523,http://eflora.nt.gov.au/ntflora/sd_doc_serv//downloadTN.htm?UUID=XRE9J8C66LN961BE40MW97T8ZID2KRRG,no
Arnhemia cryptantha,http://eflora.nt.gov.au/factsheet?id=5752,http://eflora.nt.gov.au/ntflora/sd_doc_serv//downloadTN.htm?UUID=XSAJD418QSRQPPW6WXRSARYGTK9JQK8E,yes
Omegandra kanisii,http://eflora.nt.gov.au/factsheet?id=138,http://eflora.nt.gov.au/ntflora/sd_doc_serv//downloadTN.htm?UUID=Y1ZCUYB5MIFCWTGJV5B5ZG78259ALH2B,no
Crotalaria sessiliflora,http://eflora.nt.gov.au/factsheet?id=2202,http://eflora.nt.gov.au/ntflora/sd_doc_serv//downloadTN.htm?UUID=Y83YPHXL8371IZ2B7LWFO4ZH88ILWO48,yes
Grevillea rubicunda,http://eflora.nt.gov.au/factsheet?id=5057,http://eflora.nt.gov.au/ntflora/sd_doc_serv//downloadTN.htm?UUID=YCSMUGEEETJEWO95EJPO8TFVH1F8OK83,no
Exacum tetragonum,http://eflora.nt.gov.au/factsheet?id=2587,http://eflora.nt.gov.au/ntflora/sd_doc_serv//downloadTN.htm?UUID=YDU4GWDBZSITZXRV6ROZGF3E6T2UP5GN,yes
Vallisneria triptera,http://eflora.nt.gov.au/factsheet?id=19642,http://eflora.nt.gov.au/ntflora/sd_doc_serv//downloadTN.htm?UUID=YFZMU18L31SGPPAKUEF60DE2JFC1BFK9,no
Chamaecrista grisea,http://eflora.nt.gov.au/factsheet?id=20561,http://eflora.nt.gov.au/ntflora/sd_doc_serv//downloadTN.htm?UUID=YWK1W1QJS2PU643MBYECPQS969GRO9JK,yes
Utricularia rhododactylos,http://eflora.nt.gov.au/factsheet?id=2951,http://eflora.nt.gov.au/ntflora/sd_doc_serv//downloadTN.htm?UUID=Z3T0MMBHU9XZO9R6ICYI2AJ8N3U33W3U,yes
Euphorbia armstrongiana,http://eflora.nt.gov.au/factsheet?id=1977,http://eflora.nt.gov.au/ntflora/sd_doc_serv//downloadTN.htm?UUID=ZCA6ZGH10JC0KXOBFDS6C12YZCGOAIKN,no
Eclipta alatocarpa,http://eflora.nt.gov.au/factsheet?id=545,http://eflora.nt.gov.au/ntflora/sd_doc_serv//downloadTN.htm?UUID=ZG7JHVHNPC5KX9QBP4O9872E4L3AWWGY,no
Paspalum longifolium,http://eflora.nt.gov.au/factsheet?id=4695,http://eflora.nt.gov.au/ntflora/sd_doc_serv//downloadTN.htm?UUID=ZIJUJRQHABLTIXWLD6BM521J1EUN2GAB,no
Triumfetta parviflora,http://eflora.nt.gov.au/factsheet?id=5820,http://eflora.nt.gov.au/ntflora/sd_doc_serv//downloadTN.htm?UUID=ZP5BMA9734T8LD8ZCR6ZR3A2MZQ7RCTN,yes
