APC_name,family,photo
Acianthus borealis,Orchidaceae,yes
Acianthus ledwardii,Orchidaceae,no
Arthrochilus apectus,Orchidaceae,no
Arthrochilus aquilus,Orchidaceae,no
Arthrochilus corinnae,Orchidaceae,yes
Arthrochilus rosulatus,Orchidaceae,yes
Arthrochilus sabulosus,Orchidaceae,yes
Arthrochilus stenophyllus,Orchidaceae,no
Brachypeza archytas,Orchidaceae,no
Bryobium dischorense,Orchidaceae,no
Bryobium irukandjianum,Orchidaceae,no
Bulbophyllum boonjee,Orchidaceae,yes
Bulbophyllum bowkettiae,Orchidaceae,yes
Bulbophyllum gracillimum,Orchidaceae,yes
Bulbophyllum kirkwoodiae,Orchidaceae,yes
Bulbophyllum lewisense,Orchidaceae,no
Bulbophyllum longiflorum,Orchidaceae,no
Bulbophyllum maxillare,Orchidaceae,no
Bulbophyllum nematopodum,Orchidaceae,yes
Bulbophyllum sladeanum,Orchidaceae,no
Bulbophyllum whitei,Orchidaceae,yes
Bulbophyllum wilkianum,Orchidaceae,yes
Bulbophyllum windsorense,Orchidaceae,yes
Bulbophyllum wolfei,Orchidaceae,yes
Cadetia clausa,Orchidaceae,no
Cadetia collinsii,Orchidaceae,yes
Cadetia uniflos,Orchidaceae,no
Caladenia armata,Orchidaceae,no
Caladenia atroclavia,Orchidaceae,no
Caladenia attenuata,Orchidaceae,no
Caladenia bigeminata,Orchidaceae,no
Caladenia branwhitei,Orchidaceae,no
Caladenia bruniella,Orchidaceae,no
Caladenia callitrophila,Orchidaceae,no
Caladenia campestris,Orchidaceae,no
Caladenia chamaephylla,Orchidaceae,no
Caladenia coactilis,Orchidaceae,no
Caladenia cremna,Orchidaceae,no
Caladenia cruscula,Orchidaceae,no
Caladenia diversiflora,Orchidaceae,no
Caladenia ensigera,Orchidaceae,no
Caladenia flindersica,Orchidaceae,no
Caladenia fuliginosa,Orchidaceae,no
Caladenia gracillima,Orchidaceae,no
Caladenia hesperia,Orchidaceae,no
Caladenia hopperiana,Orchidaceae,no
Caladenia interanea,Orchidaceae,no
Caladenia isolata,Orchidaceae,no
Caladenia leptoclavia,Orchidaceae,no
Caladenia leucochila,Orchidaceae,no
Caladenia littoricola,Orchidaceae,no
Caladenia necrophylla,Orchidaceae,no
Caladenia oreophila,Orchidaceae,no
Caladenia orestes,Orchidaceae,no
Caladenia pallida,Orchidaceae,no
Caladenia pluvialis,Orchidaceae,no
Caladenia rileyi,Orchidaceae,no
Caladenia sanguinea,Orchidaceae,no
Caladenia subtilis,Orchidaceae,no
Caladenia sylvicola,Orchidaceae,no
Caladenia thysanochila,Orchidaceae,no
Caladenia viriosa,Orchidaceae,no
Caladenia whiteheadii,Orchidaceae,no
Caladenia xantholeuca,Orchidaceae,no
Caladenia zephyra,Orchidaceae,no
Caleana alcockii,Orchidaceae,no
Caleana dixonii,Orchidaceae,no
Caleana gracilicordata,Orchidaceae,no
Caleana granitica,Orchidaceae,no
Caleana lyonsii,Orchidaceae,no
Caleana parvula,Orchidaceae,no
Calochilus ammobius,Orchidaceae,no
Calochilus cleistanthus,Orchidaceae,no
Calochilus cupreus,Orchidaceae,no
Calochilus kalaru,Orchidaceae,no
Calochilus metallicus,Orchidaceae,no
Calochilus psednus,Orchidaceae,no
Calochilus russeus,Orchidaceae,no
Cheirostylis ovata,Orchidaceae,yes
Chiloglottis bifaria,Orchidaceae,no
Chiloglottis longiclavata,Orchidaceae,yes
Chiloglottis trullata,Orchidaceae,no
Chiloglottis turfosa,Orchidaceae,no
Cooktownia robertsii,Orchidaceae,no
Corunastylis capparina,Orchidaceae,no
Corunastylis carecta,Orchidaceae,no
Corunastylis conferta,Orchidaceae,no
Corunastylis cornuta,Orchidaceae,no
Corunastylis firthii,Orchidaceae,no
Corunastylis fuscoviridis,Orchidaceae,no
Corunastylis leptochila,Orchidaceae,no
Corunastylis morina,Orchidaceae,no
Corunastylis parvicalla,Orchidaceae,no
Corunastylis pedersonii,Orchidaceae,no
Corunastylis sigmoidea,Orchidaceae,no
Corunastylis systena,Orchidaceae,no
Corunastylis trifida,Orchidaceae,no
Corunastylis valida,Orchidaceae,no
Corybas acuminatus,Orchidaceae,no
Corybas dentatus,Orchidaceae,no
Corybas dilatatus,Orchidaceae,no
Corybas expansus,Orchidaceae,no
Corybas minimus,Orchidaceae,no
Demorchis umbrosa,Orchidaceae,no
Dendrobium antennatum,Orchidaceae,yes
Dendrobium brachypus,Orchidaceae,no
Dendrobium callitrophilum,Orchidaceae,yes
Dendrobium carrii,Orchidaceae,yes
Dendrobium carronii,Orchidaceae,yes
Dendrobium foelschei,Orchidaceae,yes
Dendrobium lobbii,Orchidaceae,no
Dendrobium macfarlanei,Orchidaceae,yes
Dendrobium malbrownii,Orchidaceae,yes
Dendrobium melaleucaphilum,Orchidaceae,no
Dendrobium mirbelianum,Orchidaceae,no
Dendrobium paludicola,Orchidaceae,no
Dendrobium prenticei,Orchidaceae,yes
Dendrobium stuartii,Orchidaceae,yes
Didymoplexis micradenia,Orchidaceae,no
Dienia fimbriata,Orchidaceae,yes
Dienia flavovirens,Orchidaceae,yes
Dienia fontinalis,Orchidaceae,yes
Dienia lawleri,Orchidaceae,yes
Diplocaulobium glabrum,Orchidaceae,yes
Dipodium atropurpureum,Orchidaceae,no
Diuris bracteata,Orchidaceae,no
Diuris brevissima,Orchidaceae,no
Diuris brockmanii,Orchidaceae,no
Diuris byronensis,Orchidaceae,no
Diuris calcicola,Orchidaceae,no
Diuris callitrophila,Orchidaceae,no
Diuris carecta,Orchidaceae,no
Diuris eburnea,Orchidaceae,no
Diuris exitela,Orchidaceae,no
Diuris flavescens,Orchidaceae,no
Diuris fucosa,Orchidaceae,no
Diuris immaculata,Orchidaceae,no
Diuris insignis,Orchidaceae,no
Diuris inundata,Orchidaceae,no
Diuris minor,Orchidaceae,no
Diuris pauciflora,Orchidaceae,no
Diuris secundiflora,Orchidaceae,no
Diuris segregata,Orchidaceae,no
Diuris striata,Orchidaceae,no
Dockrillia fairfaxii,Orchidaceae,no
Dockrillia fasciculata,Orchidaceae,yes
Dockrillia racemosa,Orchidaceae,yes
Dockrillia sulphurea,Orchidaceae,no
Dockrillia wassellii,Orchidaceae,yes
Drakaea andrewsiae,Orchidaceae,no
Drymoanthus minutus,Orchidaceae,yes
Eria paleata,Orchidaceae,no
Eria retusa,Orchidaceae,no
Eriochilus paludosus,Orchidaceae,no
Eulophia bicallosa,Orchidaceae,no
Eulophia zollingeri,Orchidaceae,no
Flickingeria clementsii,Orchidaceae,yes
Flickingeria convexa,Orchidaceae,yes
Flickingeria nativitatis,Orchidaceae,no
Gastrodia crebriflora,Orchidaceae,no
Gastrodia urceolata,Orchidaceae,no
Goodyera ochroleuca,Orchidaceae,yes
Goodyera viridiflora,Orchidaceae,no
Grastidium cancroides,Orchidaceae,yes
Grastidium insigne,Orchidaceae,yes
Grastidium luteocilium,Orchidaceae,yes
Grastidium tozerense,Orchidaceae,yes
Habenaria maccraithii,Orchidaceae,yes
Habenaria mesophylla,Orchidaceae,no
Liparis collinsii,Orchidaceae,yes
Liparis fleckeri,Orchidaceae,yes
Liparis petricola,Orchidaceae,no
Luisia atacta,Orchidaceae,yes
Luisia corrugata,Orchidaceae,no
Micropera fasciculata,Orchidaceae,yes
Microtis familiaris,Orchidaceae,no
Microtis gracilenta,Orchidaceae,no
Microtis quadrata,Orchidaceae,no
Nervilia crociformis,Orchidaceae,yes
Nervilia peltata,Orchidaceae,yes
Nervilia uniflora,Orchidaceae,yes
Oberonia attenuata,Orchidaceae,no
Oberonia carnosa,Orchidaceae,yes
Oeceoclades pelorica,Orchidaceae,no
Pachystoma pubescens,Orchidaceae,yes
Pecteilis chlorosepala,Orchidaceae,no
Pecteilis dockrillii,Orchidaceae,no
Pecteilis euryloba,Orchidaceae,no
Pecteilis eurystoma,Orchidaceae,no
Pecteilis exilis,Orchidaceae,no
Pecteilis ferdinandi,Orchidaceae,no
Pecteilis fuscina,Orchidaceae,no
Pecteilis harroldii,Orchidaceae,no
Pecteilis praecox,Orchidaceae,no
Pecteilis vatia,Orchidaceae,no
Pecteilis xanthantha,Orchidaceae,no
Peristylus banfieldii,Orchidaceae,no
Peristylus candidus,Orchidaceae,no
Peristylus chlorandrellus,Orchidaceae,yes
Peristylus papuanus,Orchidaceae,no
Phaius amboinensis,Orchidaceae,yes
Phaius bernaysii,Orchidaceae,no
Phaius pictus,Orchidaceae,yes
Phoringopsis byrnesii,Orchidaceae,no
Phoringopsis dockrillii,Orchidaceae,yes
Phoringopsis lavarackiana,Orchidaceae,no
Plexaure limenophylax,Orchidaceae,no
Plexaure listeri,Orchidaceae,no
Pomatocalpa marsupiale,Orchidaceae,yes
Prasophyllum albovirens,Orchidaceae,no
Prasophyllum asinantum,Orchidaceae,no
Prasophyllum bagoense,Orchidaceae,no
Prasophyllum catenemum,Orchidaceae,no
Prasophyllum collinum,Orchidaceae,no
Prasophyllum constrictum,Orchidaceae,no
Prasophyllum copelandii,Orchidaceae,no
Prasophyllum cuneatum,Orchidaceae,no
Prasophyllum exile,Orchidaceae,no
Prasophyllum incompositum,Orchidaceae,no
Prasophyllum innubum,Orchidaceae,no
Prasophyllum keltonii,Orchidaceae,no
Prasophyllum laxum,Orchidaceae,no
Prasophyllum limnetes,Orchidaceae,no
Prasophyllum macrotys,Orchidaceae,no
Prasophyllum morganii,Orchidaceae,no
Prasophyllum murfetii,Orchidaceae,no
Prasophyllum perangustum,Orchidaceae,no
Prasophyllum praecox,Orchidaceae,no
Prasophyllum robustum,Orchidaceae,no
Prasophyllum rogersii,Orchidaceae,no
Prasophyllum rotundiflorum,Orchidaceae,no
Prasophyllum secutum,Orchidaceae,no
Prasophyllum stellatum,Orchidaceae,no
Prasophyllum venustum,Orchidaceae,no
Prasophyllum wallum,Orchidaceae,no
Pterostylis anaclasta,Orchidaceae,no
Pterostylis anatona,Orchidaceae,no
Pterostylis angulata,Orchidaceae,no
Pterostylis aquilonia,Orchidaceae,no
Pterostylis borealis,Orchidaceae,no
Pterostylis bracteata,Orchidaceae,no
Pterostylis brunneola,Orchidaceae,no
Pterostylis caligna,Orchidaceae,no
Pterostylis clivicola,Orchidaceae,no
Pterostylis conferta,Orchidaceae,no
Pterostylis crassichila,Orchidaceae,no
Pterostylis elegantissima,Orchidaceae,no
Pterostylis eremaea,Orchidaceae,no
Pterostylis exalla,Orchidaceae,no
Pterostylis extensa,Orchidaceae,no
Pterostylis extranea,Orchidaceae,no
Pterostylis faceta,Orchidaceae,no
Pterostylis foliacea,Orchidaceae,no
Pterostylis fuliginosa,Orchidaceae,no
Pterostylis galgula,Orchidaceae,no
Pterostylis glyphida,Orchidaceae,no
Pterostylis hadra,Orchidaceae,no
Pterostylis insectifera,Orchidaceae,no
Pterostylis jacksonii,Orchidaceae,no
Pterostylis limbata,Orchidaceae,no
Pterostylis littoralis,Orchidaceae,no
Pterostylis loganii,Orchidaceae,no
Pterostylis macrosepala,Orchidaceae,no
Pterostylis meridionalis,Orchidaceae,no
Pterostylis microglossa,Orchidaceae,no
Pterostylis multisignata,Orchidaceae,no
Pterostylis mystacina,Orchidaceae,no
Pterostylis ovata,Orchidaceae,no
Pterostylis pearsonii,Orchidaceae,no
Pterostylis pedina,Orchidaceae,no
Pterostylis petiolata,Orchidaceae,no
Pterostylis precatoria,Orchidaceae,no
Pterostylis psammophila,Orchidaceae,no
Pterostylis riparia,Orchidaceae,no
Pterostylis scitula,Orchidaceae,no
Pterostylis scoliosa,Orchidaceae,no
Pterostylis serotina,Orchidaceae,no
Pterostylis sigmoidea,Orchidaceae,no
Pterostylis simulans,Orchidaceae,no
Pterostylis sinuata,Orchidaceae,no
Pterostylis spissa,Orchidaceae,no
Pterostylis subtilis,Orchidaceae,no
Pterostylis taurus,Orchidaceae,no
Pterostylis telmata,Orchidaceae,no
Pterostylis terminalis,Orchidaceae,no
Pterostylis thulia,Orchidaceae,no
Pterostylis tryphera,Orchidaceae,no
Pterostylis vescula,Orchidaceae,no
Pterostylis virens,Orchidaceae,no
Pterostylis voigtii,Orchidaceae,no
Pterostylis wapstrarum,Orchidaceae,no
Pterostylis xerampelina,Orchidaceae,no
Pterostylis zebrina,Orchidaceae,no
Rhinerrhizopsis matutina,Orchidaceae,yes
Rhizanthella johnstonii,Orchidaceae,no
Rhizanthella omissa,Orchidaceae,no
Saccolabiopsis armitii,Orchidaceae,yes
Saccolabiopsis rectifolia,Orchidaceae,yes
Sarcanthopsis warocqueana,Orchidaceae,no
Sarcochilus aequalis,Orchidaceae,no
Sarcochilus borealis,Orchidaceae,yes
Sarcochilus eriochilus,Orchidaceae,no
Schoenorchis micrantha,Orchidaceae,yes
Schoenorchis sarcophylla,Orchidaceae,yes
Taeniophyllum baumei,Orchidaceae,no
Taeniophyllum clementsii,Orchidaceae,yes
Taeniophyllum confertum,Orchidaceae,yes
Taeniophyllum epacridicola,Orchidaceae,no
Taeniophyllum explanatum,Orchidaceae,no
Taeniophyllum hasseltii,Orchidaceae,no
Taeniophyllum malianum,Orchidaceae,yes
Taeniophyllum triquetroradix,Orchidaceae,no
Taeniophyllum walkeri,Orchidaceae,no
Tainia trinervis,Orchidaceae,yes
Thelasis capitata,Orchidaceae,no
Thelasis carinata,Orchidaceae,yes
Thelymitra abrupta,Orchidaceae,no
Thelymitra corrugata,Orchidaceae,no
Thelymitra crenulata,Orchidaceae,no
Thelymitra frenchii,Orchidaceae,no
Thelymitra inflata,Orchidaceae,no
Thelymitra jonesii,Orchidaceae,no
Thelymitra kangaloonica,Orchidaceae,no
Thelymitra latifolia,Orchidaceae,no
Thelymitra odora,Orchidaceae,no
Thelymitra orientalis,Orchidaceae,no
Thelymitra pulchella,Orchidaceae,no
Thelymitra rubricaulis,Orchidaceae,no
Thelymitra spadicea,Orchidaceae,no
Thelymitra sparsa,Orchidaceae,no
Thelymitra tubulina,Orchidaceae,no
Thelymitra viridis,Orchidaceae,no
Thelymitra xanthotricha,Orchidaceae,no
Thrixspermum carinatifolium,Orchidaceae,no
Thynninorchis nothofagicola,Orchidaceae,no
Trachoma stellatum,Orchidaceae,yes
Trachoma subluteum,Orchidaceae,yes
Trichoglottis australiensis,Orchidaceae,yes
Tropidia territorialis,Orchidaceae,yes
Tropidia viridifusca,Orchidaceae,no
Vrydagzynea grayi,Orchidaceae,yes
Zeuxine exilis,Orchidaceae,no
Zeuxine polygonoides,Orchidaceae,yes
