APC_name,photo
Acacia abbatiana,no
Acacia aciphylla,no
Acacia adjutrices,no
Acacia alaticaulis,no
Acacia amentifera,no
Acacia anasilla,no
Acacia anastomosa,no
Acacia anserina,no
Acacia arbiana,no
Acacia areolata,no
Acacia argentina,no
Acacia argyrotricha,no
Acacia armillata,no
Acacia armitii,no
Acacia atrox,no
Acacia besleyi,no
Acacia camptocarpa,no
Acacia capillaris,no
Acacia cassicula,no
Acacia castanostegia,no
Acacia centrinervia,no
Acacia claviseta,no
Acacia coatesii,no
Acacia collegialis,no
Acacia comans,no
Acacia convallium,no
Acacia cummingiana,no
Acacia curryana,no
Acacia cyclocarpa,no
Acacia daviesii,no
Acacia declinata,no
Acacia deuteroneura,no
Acacia diaphana,no
Acacia diastemata,no
Acacia dilloniorum,no
Acacia diminuta,no
Acacia dimorpha,no
Acacia dissimilis,no
Acacia doreta,no
Acacia epedunculata,no
Acacia equisetifolia,no
Acacia eremophiloides,no
Acacia exigua,no
Acacia faucium,no
Acacia floydii,no
Acacia fodinalis,no
Acacia fraternalis,no
Acacia gibsonii,no
Acacia gracilenta,no
Acacia guymeri,no
Acacia haematites,no
Acacia hexaneura,no
Acacia holotricha,no
Acacia infecunda,no
Acacia inops,no
Acacia jackesiana,no
Acacia jensenii,no
Acacia johannis,no
Acacia keigheryi,no
Acacia kingiana,no
Acacia kulinensis,no
Acacia kulnurensis,no
Acacia lanei,no
Acacia lapidosa,no
Acacia lentiginea,no
Acacia loxophylla,no
Acacia mackenziei,no
Acacia malloclada,no
Acacia manipularis,no
Acacia matthewii,no
Acacia meiosperma,no
Acacia microcybe,no
Acacia minniritchi,no
Acacia minyura,no
Acacia mitodes,no
Acacia nanopravissima,no
Acacia neorigida,no
Acacia nicholsonensis,no
Acacia obesa,no
Acacia obtriangularis,no
Acacia orthotropica,no
Acacia papulosa,no
Acacia parkerae,no
Acacia paula,no
Acacia pelophila,no
Acacia perpusilla,no
Acacia petricola,no
Acacia phacelia,no
Acacia polyadenia,no
Acacia porcata,no
Acacia praemorsa,no
Acacia preissiana,no
Acacia prolata,no
Acacia rubricaulis,no
Acacia rubricola,no
Acacia scabra,no
Acacia scalpelliformis,no
Acacia scleroclada,no
Acacia seclusa,no
Acacia sericata,no
Acacia serpentinicola,no
Acacia shapelleae,no
Acacia simulans,no
Acacia smeringa,no
Acacia spectrum,no
Acacia subternata,no
Acacia synantha,no
Acacia tabula,no
Acacia tenuispica,no
Acacia thieleana,no
Acacia tingoorensis,no
Acacia trinalis,no
Acacia undosa,no
Acacia undulifolia,no
Acacia webbii,no
Acacia willingii,no
Acacia wollarensis,no
Acacia zatrichota,no
Aenictophyton anomalum,no
Aeschynomene aspera,no
Albizia carrii,no
Alysicarpus aurantiacus,no
Alysicarpus brownii,no
Alysicarpus major,no
Alysicarpus schomburgkii,no
Alysicarpus suffruticosus,no
Aotus franklandii,no
Aotus phylicoides,no
Aotus prosacris,no
Aphyllodium beardii,no
Aphyllodium glossocarpum,no
Aphyllodium latifolium,no
Aphyllodium stylosanthoides,no
Archidendropsis xanthoxylon,no
Bossiaea arcuata,no
Bossiaea arenitensis,no
Bossiaea aurantiaca,no
Bossiaea barbarae,no
Bossiaea barrettiorum,no
Bossiaea celata,no
Bossiaea divaricata,no
Bossiaea eremaea,no
Bossiaea flexuosa,no
Bossiaea halophila,yes
Bossiaea inundata,no
Bossiaea laxa,no
Bossiaea moylei,no
Bossiaea obovata,no
Bossiaea oligosperma,no
Bossiaea oxyclada,no
Bossiaea peduncularis,no
Bossiaea peninsularis,no
Bossiaea saxosa,no
Bossiaea simulata,no
Bossiaea tasmanica,no
Bossiaea zarae,no
Cajanus aromaticus,no
Cajanus crassicaulis,no
Cajanus geminatus,no
Cajanus hirtopilosus,no
Cajanus mareebensis,no
Cajanus viscidus,no
Canavalia cathartica,no
Chamaecrista biddulphiana,no
Chamaecrista deserti,no
Chamaecrista exigua,no
Chamaecrista grisea,no
Chamaecrista longipes,no
Chamaecrista moorei,no
Chamaecrista nigricans,no
Chorizema carinatum,no
Chorizema reticulatum,yes
Christia australasica,yes
Clitoria australis,yes
Codariocalyx microphyllus,no
Cristonia stenophylla,no
Crotalaria alata,yes
Crotalaria humifusa,no
Crotalaria inaequalis,no
Crotalaria mysorensis,no
Crotalaria quinquefolia,no
Crotalaria sessiliflora,no
Crudia papuana,no
Cullen candidum,no
Cullen cuneatum,no
Cullen praeruptorum,no
Cullen spicigerum,no
Cullen virens,no
Cullen walkingtonii,yes
Cyclocarpa stellaris,yes
Daviesia eremaea,no
Daviesia eurylobos,no
Daviesia implexa,no
Daviesia pachyloma,yes
Daviesia pleurophylla,no
Daviesia quoquoversus,no
Daviesia scabrella,no
Daviesia scoparia,yes
Daviesia stricta,yes
Daviesia subulata,no
Dendrolobium cheelii,no
Dendrolobium multiflorum,no
Dendrolobium polyneurum,no
Dendrolobium stipatum,no
Derris elliptica,no
Derris rubrocalyx,no
Desmodium tenax,no
Dillwynia dillwynioides,no
Dillwynia palustris,no
Dillwynia stipulifera,no
Dunbaria rotundifolia,no
Dunbaria singuliflora,no
Eutaxia actinophylla,no
Eutaxia andocada,no
Eutaxia exilis,no
Eutaxia hirsuta,no
Eutaxia leptophylla,no
Eutaxia major,no
Eutaxia nanophylla,no
Eutaxia rubricarina,no
Flemingia pauciflora,yes
Flemingia trifoliastrum,no
Galactia dubia,no
Galactia megalophylla,no
Galactia muelleri,yes
Gastrolobium argyrotrichum,no
Gastrolobium axillare,no
Gastrolobium densifolium,no
Gastrolobium dorrienii,yes
Gastrolobium euryphyllum,no
Gastrolobium ferrugineum,no
Gastrolobium glabratum,no
Gastrolobium heterophyllum,no
Gastrolobium hookeri,no
Gastrolobium humile,no
Gastrolobium plicatum,no
Gastrolobium pusillum,no
Gastrolobium reticulatum,no
Gastrolobium rhombifolium,yes
Gastrolobium semiteres,yes
Gastrolobium truncatum,yes
Gastrolobium venulosum,no
Gastrolobium wonganensis,no
Glycine albicans,no
Glycine aphyonotos,no
Glycine arenaria,no
Glycine argyrea,yes
Glycine curvata,no
Glycine falcata,yes
Glycine gracei,no
Glycine hirticaulis,no
Glycine lactivirens,no
Glycine montis-douglas,no
Glycine peratosa,no
Glycine pescadrensis,no
Glycine pullenii,no
Glycine remota,no
Glycine stenophita,no
Glycine syndetika,no
Gompholobium cinereum,no
Gompholobium gairdnerianum,no
Gompholobium laxum,no
Gompholobium muticum,no
Gompholobium pungens,no
Gompholobium roseum,no
Gompholobium subulatum,yes
Gompholobium viscidulum,yes
Gompholobium wonganense,no
Goodia parviflora,no
Goodia stenocarpa,no
Grona brownii,no
Grona flagellaris,no
Grona glareosa,no
Grona hannii,no
Grona muelleri,yes
Grona pycnotricha,no
Hardenbergia perbrevidens,no
Hovea angustissima,yes
Hovea arnhemica,yes
Hovea cymbiformis,yes
Indigastrum parviflorum,yes
Indigofera adenotricha,no
Indigofera bancroftii,no
Indigofera chamaeclada,no
Indigofera cinericolor,no
Indigofera cornuligera,no
Indigofera cuspidata,no
Indigofera decipiens,no
Indigofera efoliata,no
Indigofera eriophylla,no
Indigofera erubescens,no
Indigofera ewartiana,no
Indigofera fractiflexa,no
Indigofera glandulosa,no
Indigofera haematica,no
Indigofera ixocarpa,no
Indigofera kingiana,no
Indigofera melanosticta,no
Indigofera occidentalis,no
Indigofera oraria,no
Indigofera oxyrachis,no
Indigofera petraea,no
Indigofera pilifera,no
Indigofera polyclada,no
Indigofera queenslandica,no
Indigofera roseola,no
Indigofera rupicola,no
Indigofera scabrella,no
Indigofera schultziana,no
Indigofera triflora,no
Indigofera tryonii,no
Indigofera verruculosa,no
Indigofera wannanii,no
Indigofera warburtonensis,no
Isotropis browniae,no
Isotropis canescens,no
Isotropis faucicola,no
Isotropis filicaulis,yes
Isotropis winneckei,yes
Jacksonia arida,no
Jacksonia arnhemica,no
Jacksonia divisa,no
Jacksonia effusa,no
Jacksonia eremodendron,no
Jacksonia flexuosa,no
Jacksonia foliosa,no
Jacksonia humilis,no
Jacksonia intricata,no
Jacksonia jackson,no
Jacksonia lanicarpa,no
Jacksonia lateritica,no
Jacksonia macrocalyx,no
Jacksonia nematoclada,no
Jacksonia pendens,no
Jacksonia reclinata,no
Jacksonia remota,no
Jacksonia rupestris,no
Jacksonia stellaris,yes
Jacksonia vernicosa,no
Labichea brassii,yes
Labichea digitata,no
Labichea mulliganensis,no
Labichea rossii,no
Latrobea colophona,no
Latrobea genistoides,yes
Latrobea pinnaculum,no
Latrobea recurva,no
Leptosema aculeatum,no
Leptosema bossiaeoides,no
Leptosema cervicornu,yes
Leptosema uniflorum,no
Leptosema villosum,yes
Mirbelia balsiformis,no
Mirbelia corallina,no
Mirbelia ferricola,no
Mirbelia stipitata,no
Mucuna reptans,no
Muelleranthus obovatus,no
Muelleranthus parvalatus,no
Paragoodia crenulata,no
Phyllodium hackeri,yes
Phyllodium pulchellum,yes
Phyllota humilis,no
Plagiocarpus arcuatus,no
Plagiocarpus arnhemicus,no
Plagiocarpus axillaris,no
Plagiocarpus conduplicatus,no
Plagiocarpus dispermus,no
Plagiocarpus lanatus,no
Plagiocarpus longiflorus,no
Polhillides velutina,no
Pultenaea arida,yes
Pultenaea bracteamajor,no
Pultenaea bracteaminor,no
Pultenaea craigiana,no
Pultenaea elusa,no
Pultenaea insularis,no
Pultenaea kraehenbuehlii,no
Pultenaea lapidosa,no
Pultenaea rariflora,no
Pultenaea rodwayi,no
Pultenaea rotundifolia,yes
Pultenaea strobilifera,no
Pultenaea trichophylla,yes
Pultenaea viscosa,no
Rhynchosia australis,no
Rhynchosia filiformis,no
Rhynchosia rostrata,no
Rothia indica,no
Senna flexuosa,no
Senna glaucifolia,no
Senna heptanthera,no
Senna leptoclada,no
Senna manicula,no
Senna procumbens,no
Senna stowardii,no
Senna timoriensis,no
Sesbania burbidgeae,no
Sesbania chippendalei,yes
Sesbania muelleri,no
Smithia conferta,yes
Smithia sensitiva,no
Sophora longipes,no
Sphaerolobium benetectum,no
Sphaerolobium pubescens,no
Swainsona acuticarinata,no
Swainsona adenophylla,no
Swainsona bracteata,no
Swainsona cadellii,no
Swainsona calcicola,no
Swainsona cornuta,no
Swainsona cyclocarpa,yes
Swainsona dictyocarpa,no
Swainsona disjuncta,no
Swainsona ecallosa,no
Swainsona eremaea,no
Swainsona forrestii,no
Swainsona fraseri,no
Swainsona fuscoviridis,no
Swainsona gracilis,no
Swainsona halophila,no
Swainsona laciniata,no
Swainsona longicarinata,no
Swainsona longipilosa,no
Swainsona microcalyx,no
Swainsona minutiflora,no
Swainsona paradoxa,no
Swainsona parviflora,yes
Swainsona paucifoliolata,no
Swainsona pedunculata,no
Swainsona perlonga,no
Swainsona reticulata,no
Swainsona rostellata,no
Swainsona rostrata,yes
Swainsona rotunda,no
Swainsona tenuis,yes
Swainsona tephrotricha,no
Swainsona thompsoniana,no
Swainsona unifoliolata,yes
Swainsona vestita,no
Tadehagi robustum,no
Templetonia ceracea,no
Templetonia incrassata,no
Tephrosia arnhemica,no
Tephrosia benthamii,yes
Tephrosia bifacialis,yes
Tephrosia brachycarpa,no
Tephrosia carriemichelliae,no
Tephrosia clementii,no
Tephrosia conspicua,no
Tephrosia coriacea,no
Tephrosia crocea,no
Tephrosia delestangii,yes
Tephrosia delicatula,no
Tephrosia ephippioides,no
Tephrosia eriocarpa,yes
Tephrosia flagellaris,yes
Tephrosia flammea,no
Tephrosia forrestiana,no
Tephrosia gaudium-solis,yes
Tephrosia gyropoda,no
Tephrosia humifusa,no
Tephrosia lamprolobioides,no
Tephrosia laxa,yes
Tephrosia leveillei,no
Tephrosia macrocarpa,no
Tephrosia maculata,yes
Tephrosia nematophylla,no
Tephrosia oblongata,no
Tephrosia oligophylla,no
Tephrosia oxalidea,no
Tephrosia pedleyi,no
Tephrosia polyzyga,no
Tephrosia porrecta,yes
Tephrosia procera,no
Tephrosia pumila,no
Tephrosia reticulata,no
Tephrosia simplicifolia,no
Tephrosia stipuligera,no
Tephrosia stuartii,yes
Tephrosia subpectinata,no
Tephrosia timoriensis,no
Tephrosia valleculata,no
Urodon capitatus,yes
Vachellia clarksoniana,no
Vachellia ditricha,no
Vachellia douglasica,no
Vachellia pallidifolia,no
Vachellia valida,no
Vigna adenantha,no
Vigna radiata,yes
Vigna triodiophila,no
Zornia acuta,no
Zornia areolata,no
Zornia disticha,no
Zornia macdonaldii,no
Zornia oligantha,no
Zornia pallida,no
Zornia ramosa,yes
Zornia stirlingii,no
