canonical_name,factsheet,picture_url,source_url,photo
Acacia alaticaulis,https://plantnet.rbgsyd.nsw.gov.au/cgi-bin/NSWfl.pl?page=nswfl&lvl=sp&name=Acacia~alaticaulis,https://plantnet.rbgsyd.nsw.gov.au/cgi-bin/NSWfl.pl?page=nswfl&photo=31&file=8/225/211686.jpg,https://plantnet.rbgsyd.nsw.gov.au/HerbLink/multimedia/8/225/211686.thumb.jpg,yes
Acacia atrox,https://plantnet.rbgsyd.nsw.gov.au/cgi-bin/NSWfl.pl?page=nswfl&lvl=sp&name=Acacia~atrox,https://plantnet.rbgsyd.nsw.gov.au/cgi-bin/NSWfl.pl?page=nswfl&photo=25&file=0/190/000139.jpg,https://plantnet.rbgsyd.nsw.gov.au/HerbLink/multimedia/0/190/000139.thumb.jpg,no
Acacia centrinervia,https://plantnet.rbgsyd.nsw.gov.au/cgi-bin/NSWfl.pl?page=nswfl&lvl=sp&name=Acacia~centrinervia,https://plantnet.rbgsyd.nsw.gov.au/cgi-bin/NSWfl.pl?page=nswfl&photo=33&file=91/460/NSW166405.jpg,https://plantnet.rbgsyd.nsw.gov.au/HerbLink/multimedia/91/460/NSW166405.thumb.jpg,no
Acacia floydii,https://plantnet.rbgsyd.nsw.gov.au/cgi-bin/NSWfl.pl?page=nswfl&lvl=sp&name=Acacia~floydii,https://plantnet.rbgsyd.nsw.gov.au/cgi-bin/NSWfl.pl?page=nswfl&photo=31&file=11/471/388309.jpg,https://plantnet.rbgsyd.nsw.gov.au/HerbLink/multimedia/11/471/388309.thumb.jpg,yes
Acacia kulnurensis,https://plantnet.rbgsyd.nsw.gov.au/cgi-bin/NSWfl.pl?page=nswfl&lvl=sp&name=Acacia~kulnurensis,https://plantnet.rbgsyd.nsw.gov.au/cgi-bin/NSWfl.pl?page=nswfl&photo=33&file=87/784/NSW106994.jpg,https://plantnet.rbgsyd.nsw.gov.au/HerbLink/multimedia/87/784/NSW106994.thumb.jpg,yes
Acacia matthewii,https://plantnet.rbgsyd.nsw.gov.au/cgi-bin/NSWfl.pl?page=nswfl&lvl=sp&name=Acacia~matthewii,https://plantnet.rbgsyd.nsw.gov.au/cgi-bin/NSWfl.pl?page=nswfl&photo=25&file=0/235/000329.jpg,https://plantnet.rbgsyd.nsw.gov.au/HerbLink/multimedia/0/235/000329.thumb.jpg,yes
Agrostis australiensis,https://plantnet.rbgsyd.nsw.gov.au/cgi-bin/NSWfl.pl?page=nswfl&lvl=sp&name=Agrostis~australiensis,https://plantnet.rbgsyd.nsw.gov.au/cgi-bin/NSWfl.pl?page=nswfl&photo=33&file=93/228/NSW504215.jpg,https://plantnet.rbgsyd.nsw.gov.au/HerbLink/multimedia/93/228/NSW504215.thumb.jpg,no
Agrostis boormanii,https://plantnet.rbgsyd.nsw.gov.au/cgi-bin/NSWfl.pl?page=nswfl&lvl=sp&name=Agrostis~boormanii,https://plantnet.rbgsyd.nsw.gov.au/cgi-bin/NSWfl.pl?page=nswfl&photo=33&file=93/388/NSW544102.jpg,https://plantnet.rbgsyd.nsw.gov.au/HerbLink/multimedia/93/388/NSW544102.thumb.jpg,no
Agrostis joyceae,https://plantnet.rbgsyd.nsw.gov.au/cgi-bin/NSWfl.pl?page=nswfl&lvl=sp&name=Agrostis~joyceae,https://plantnet.rbgsyd.nsw.gov.au/cgi-bin/NSWfl.pl?page=nswfl&photo=31&file=53/488/NSW506472.jpg,https://plantnet.rbgsyd.nsw.gov.au/HerbLink/multimedia/53/488/NSW506472.thumb.jpg,no
Agrostis propinqua,https://plantnet.rbgsyd.nsw.gov.au/cgi-bin/NSWfl.pl?page=nswfl&lvl=sp&name=Agrostis~propinqua,https://plantnet.rbgsyd.nsw.gov.au/cgi-bin/NSWfl.pl?page=nswfl&photo=33&file=93/252/NSW506463.jpg,https://plantnet.rbgsyd.nsw.gov.au/HerbLink/multimedia/93/252/NSW506463.thumb.jpg,no
Agrostis thompsoniae,https://plantnet.rbgsyd.nsw.gov.au/cgi-bin/NSWfl.pl?page=nswfl&lvl=sp&name=Agrostis~thompsoniae,https://plantnet.rbgsyd.nsw.gov.au/cgi-bin/NSWfl.pl?page=nswfl&photo=33&file=93/251/NSW506462.jpg,https://plantnet.rbgsyd.nsw.gov.au/HerbLink/multimedia/93/251/NSW506462.thumb.jpg,no
Allocasuarina brachystachya,https://plantnet.rbgsyd.nsw.gov.au/cgi-bin/NSWfl.pl?page=nswfl&lvl=sp&name=Allocasuarina~brachystachya,https://plantnet.rbgsyd.nsw.gov.au/cgi-bin/NSWfl.pl?page=nswfl&photo=31&file=14/186/374542.jpg,https://plantnet.rbgsyd.nsw.gov.au/HerbLink/multimedia/14/186/374542.thumb.jpg,no
Allocasuarina ophiolitica,https://plantnet.rbgsyd.nsw.gov.au/cgi-bin/NSWfl.pl?page=nswfl&lvl=sp&name=Allocasuarina~ophiolitica,https://plantnet.rbgsyd.nsw.gov.au/cgi-bin/NSWfl.pl?page=nswfl&photo=31&file=14/229/426725.jpg,https://plantnet.rbgsyd.nsw.gov.au/HerbLink/multimedia/14/229/426725.thumb.jpg,no
Allocasuarina simulans,https://plantnet.rbgsyd.nsw.gov.au/cgi-bin/NSWfl.pl?page=nswfl&lvl=sp&name=Allocasuarina~simulans,https://plantnet.rbgsyd.nsw.gov.au/cgi-bin/NSWfl.pl?page=nswfl&photo=25&file=20/884/006825.jpg,https://plantnet.rbgsyd.nsw.gov.au/HerbLink/multimedia/20/884/006825.thumb.jpg,yes
Althenia bilocularis,https://plantnet.rbgsyd.nsw.gov.au/cgi-bin/NSWfl.pl?page=nswfl&lvl=sp&name=Althenia~bilocularis,https://plantnet.rbgsyd.nsw.gov.au/cgi-bin/NSWfl.pl?page=nswfl&photo=25&file=70/901/021590.jpg,https://plantnet.rbgsyd.nsw.gov.au/HerbLink/multimedia/70/901/021590.thumb.jpg,no
Althenia preissii,https://plantnet.rbgsyd.nsw.gov.au/cgi-bin/NSWfl.pl?page=nswfl&lvl=sp&name=Althenia~preissii,https://plantnet.rbgsyd.nsw.gov.au/cgi-bin/NSWfl.pl?page=nswfl&photo=25&file=70/900/021590.jpg,https://plantnet.rbgsyd.nsw.gov.au/HerbLink/multimedia/70/900/021590.thumb.jpg,no
Amphibromus pithogastrus,https://plantnet.rbgsyd.nsw.gov.au/cgi-bin/NSWfl.pl?page=nswfl&lvl=sp&name=Amphibromus~pithogastrus,https://plantnet.rbgsyd.nsw.gov.au/cgi-bin/NSWfl.pl?page=nswfl&photo=33&file=92/657/NSW149945.jpg,https://plantnet.rbgsyd.nsw.gov.au/HerbLink/multimedia/92/657/NSW149945.thumb.jpg,no
Amphibromus sinuatus,https://plantnet.rbgsyd.nsw.gov.au/cgi-bin/NSWfl.pl?page=nswfl&lvl=sp&name=Amphibromus~sinuatus,https://plantnet.rbgsyd.nsw.gov.au/cgi-bin/NSWfl.pl?page=nswfl&photo=33&file=92/948/NSW374559.jpg,https://plantnet.rbgsyd.nsw.gov.au/HerbLink/multimedia/92/948/NSW374559.thumb.jpg,no
Anthosachne fertilis,https://plantnet.rbgsyd.nsw.gov.au/cgi-bin/NSWfl.pl?page=nswfl&lvl=sp&name=Anthosachne~fertilis,https://plantnet.rbgsyd.nsw.gov.au/cgi-bin/NSWfl.pl?page=nswfl&photo=25&file=60/822/021564.jpg,https://plantnet.rbgsyd.nsw.gov.au/HerbLink/multimedia/60/822/021564.thumb.jpg,no
Aristida blakei,https://plantnet.rbgsyd.nsw.gov.au/cgi-bin/NSWfl.pl?page=nswfl&lvl=sp&name=Aristida~blakei,https://plantnet.rbgsyd.nsw.gov.au/cgi-bin/NSWfl.pl?page=nswfl&photo=31&file=31/935/534258.jpg,https://plantnet.rbgsyd.nsw.gov.au/HerbLink/multimedia/31/935/534258.thumb.jpg,no
Aristida echinata,https://plantnet.rbgsyd.nsw.gov.au/cgi-bin/NSWfl.pl?page=nswfl&lvl=sp&name=Aristida~echinata,https://plantnet.rbgsyd.nsw.gov.au/cgi-bin/NSWfl.pl?page=nswfl&photo=31&file=31/912/455594.jpg,https://plantnet.rbgsyd.nsw.gov.au/HerbLink/multimedia/31/912/455594.thumb.jpg,no
Aristida gracilipes,https://plantnet.rbgsyd.nsw.gov.au/cgi-bin/NSWfl.pl?page=nswfl&lvl=sp&name=Aristida~gracilipes,https://plantnet.rbgsyd.nsw.gov.au/cgi-bin/NSWfl.pl?page=nswfl&photo=31&file=31/967/544125.jpg,https://plantnet.rbgsyd.nsw.gov.au/HerbLink/multimedia/31/967/544125.thumb.jpg,no
Aristida helicophylla,https://plantnet.rbgsyd.nsw.gov.au/cgi-bin/NSWfl.pl?page=nswfl&lvl=sp&name=Aristida~helicophylla,https://plantnet.rbgsyd.nsw.gov.au/cgi-bin/NSWfl.pl?page=nswfl&photo=31&file=31/979/545080.jpg,https://plantnet.rbgsyd.nsw.gov.au/HerbLink/multimedia/31/979/545080.thumb.jpg,no
Aristida leichhardtiana,https://plantnet.rbgsyd.nsw.gov.au/cgi-bin/NSWfl.pl?page=nswfl&lvl=sp&name=Aristida~leichhardtiana,https://plantnet.rbgsyd.nsw.gov.au/cgi-bin/NSWfl.pl?page=nswfl&photo=32&file=31/988/545803.jpg,https://plantnet.rbgsyd.nsw.gov.au/HerbLink/multimedia/31/988/545803.thumb.jpg,yes
Aristida muricata,https://plantnet.rbgsyd.nsw.gov.au/cgi-bin/NSWfl.pl?page=nswfl&lvl=sp&name=Aristida~muricata,https://plantnet.rbgsyd.nsw.gov.au/cgi-bin/NSWfl.pl?page=nswfl&photo=32&file=31/860/295819.jpg,https://plantnet.rbgsyd.nsw.gov.au/HerbLink/multimedia/31/860/295819.thumb.jpg,no
Aristida obscura,https://plantnet.rbgsyd.nsw.gov.au/cgi-bin/NSWfl.pl?page=nswfl&lvl=sp&name=Aristida~obscura,https://plantnet.rbgsyd.nsw.gov.au/cgi-bin/NSWfl.pl?page=nswfl&photo=31&file=31/970/544355.jpg,https://plantnet.rbgsyd.nsw.gov.au/HerbLink/multimedia/31/970/544355.thumb.jpg,no
Aristida psammophila,https://plantnet.rbgsyd.nsw.gov.au/cgi-bin/NSWfl.pl?page=nswfl&lvl=sp&name=Aristida~psammophila,https://plantnet.rbgsyd.nsw.gov.au/cgi-bin/NSWfl.pl?page=nswfl&photo=31&file=31/787/145872.jpg,https://plantnet.rbgsyd.nsw.gov.au/HerbLink/multimedia/31/787/145872.thumb.jpg,no
Aristida strigosa,https://plantnet.rbgsyd.nsw.gov.au/cgi-bin/NSWfl.pl?page=nswfl&lvl=sp&name=Aristida~strigosa,https://plantnet.rbgsyd.nsw.gov.au/cgi-bin/NSWfl.pl?page=nswfl&photo=31&file=31/990/545870.jpg,https://plantnet.rbgsyd.nsw.gov.au/HerbLink/multimedia/31/990/545870.thumb.jpg,no
Aristida vickeryae,https://plantnet.rbgsyd.nsw.gov.au/cgi-bin/NSWfl.pl?page=nswfl&lvl=sp&name=Aristida~vickeryae,https://plantnet.rbgsyd.nsw.gov.au/cgi-bin/NSWfl.pl?page=nswfl&photo=31&file=31/790/145901.jpg,https://plantnet.rbgsyd.nsw.gov.au/HerbLink/multimedia/31/790/145901.thumb.jpg,no
Asperula acuminata,https://plantnet.rbgsyd.nsw.gov.au/cgi-bin/NSWfl.pl?page=nswfl&lvl=sp&name=Asperula~acuminata,https://plantnet.rbgsyd.nsw.gov.au/cgi-bin/NSWfl.pl?page=nswfl&photo=33&file=91/088/NSW745887.jpg,https://plantnet.rbgsyd.nsw.gov.au/HerbLink/multimedia/91/088/NSW745887.thumb.jpg,no
Asperula hoskingii,https://plantnet.rbgsyd.nsw.gov.au/cgi-bin/NSWfl.pl?page=nswfl&lvl=sp&name=Asperula~hoskingii,https://plantnet.rbgsyd.nsw.gov.au/cgi-bin/NSWfl.pl?page=nswfl&photo=25&file=72/202/021526.jpg,https://plantnet.rbgsyd.nsw.gov.au/HerbLink/multimedia/72/202/021526.thumb.jpg,yes
Asperula polymera,https://plantnet.rbgsyd.nsw.gov.au/cgi-bin/NSWfl.pl?page=nswfl&lvl=sp&name=Asperula~polymera,https://plantnet.rbgsyd.nsw.gov.au/cgi-bin/NSWfl.pl?page=nswfl&photo=25&file=72/201/021525.jpg,https://plantnet.rbgsyd.nsw.gov.au/HerbLink/multimedia/72/201/021525.thumb.jpg,no
Asperula subulifolia,https://plantnet.rbgsyd.nsw.gov.au/cgi-bin/NSWfl.pl?page=nswfl&lvl=sp&name=Asperula~subulifolia,https://plantnet.rbgsyd.nsw.gov.au/cgi-bin/NSWfl.pl?page=nswfl&photo=33&file=95/860/NSW669770.jpg,https://plantnet.rbgsyd.nsw.gov.au/HerbLink/multimedia/95/860/NSW669770.thumb.jpg,no
Asplenium surrogatum,https://plantnet.rbgsyd.nsw.gov.au/cgi-bin/NSWfl.pl?page=nswfl&lvl=sp&name=Asplenium~surrogatum,https://plantnet.rbgsyd.nsw.gov.au/cgi-bin/NSWfl.pl?page=nswfl&photo=31&file=50/996/NSW634176.jpg,https://plantnet.rbgsyd.nsw.gov.au/HerbLink/multimedia/50/996/NSW634176.thumb.jpg,no
Asterolasia beckersii,https://plantnet.rbgsyd.nsw.gov.au/cgi-bin/NSWfl.pl?page=nswfl&lvl=sp&name=Asterolasia~beckersii,https://plantnet.rbgsyd.nsw.gov.au/cgi-bin/NSWfl.pl?page=nswfl&photo=25&file=98/548/022385.jpg,https://plantnet.rbgsyd.nsw.gov.au/HerbLink/multimedia/98/548/022385.thumb.jpg,yes
Atriplex crassipes,https://plantnet.rbgsyd.nsw.gov.au/cgi-bin/NSWfl.pl?page=nswfl&lvl=sp&name=Atriplex~crassipes,https://plantnet.rbgsyd.nsw.gov.au/cgi-bin/NSWfl.pl?page=nswfl&photo=31&file=51/221/NSW745076.jpg,https://plantnet.rbgsyd.nsw.gov.au/HerbLink/multimedia/51/221/NSW745076.thumb.jpg,no
Atriplex infrequens,https://plantnet.rbgsyd.nsw.gov.au/cgi-bin/NSWfl.pl?page=nswfl&lvl=sp&name=Atriplex~infrequens,https://plantnet.rbgsyd.nsw.gov.au/cgi-bin/NSWfl.pl?page=nswfl&photo=25&file=22/302/006838.jpg,https://plantnet.rbgsyd.nsw.gov.au/HerbLink/multimedia/22/302/006838.thumb.jpg,no
Atriplex intermedia,https://plantnet.rbgsyd.nsw.gov.au/cgi-bin/NSWfl.pl?page=nswfl&lvl=sp&name=Atriplex~intermedia,https://plantnet.rbgsyd.nsw.gov.au/cgi-bin/NSWfl.pl?page=nswfl&photo=31&file=53/614/NSW744808.jpg,https://plantnet.rbgsyd.nsw.gov.au/HerbLink/multimedia/53/614/NSW744808.thumb.jpg,no
Atriplex lobativalvis,https://plantnet.rbgsyd.nsw.gov.au/cgi-bin/NSWfl.pl?page=nswfl&lvl=sp&name=Atriplex~lobativalvis,https://plantnet.rbgsyd.nsw.gov.au/cgi-bin/NSWfl.pl?page=nswfl&photo=31&file=53/668/NSW338080.jpg,https://plantnet.rbgsyd.nsw.gov.au/HerbLink/multimedia/53/668/NSW338080.thumb.jpg,no
Atriplex macropterocarpa,https://plantnet.rbgsyd.nsw.gov.au/cgi-bin/NSWfl.pl?page=nswfl&lvl=sp&name=Atriplex~macropterocarpa,https://plantnet.rbgsyd.nsw.gov.au/cgi-bin/NSWfl.pl?page=nswfl&photo=31&file=53/688/NSW336551.jpg,https://plantnet.rbgsyd.nsw.gov.au/HerbLink/multimedia/53/688/NSW336551.thumb.jpg,no
Atriplex morrisii,https://plantnet.rbgsyd.nsw.gov.au/cgi-bin/NSWfl.pl?page=nswfl&lvl=sp&name=Atriplex~morrisii,https://plantnet.rbgsyd.nsw.gov.au/cgi-bin/NSWfl.pl?page=nswfl&photo=33&file=89/099/NSW251716.jpg,https://plantnet.rbgsyd.nsw.gov.au/HerbLink/multimedia/89/099/NSW251716.thumb.jpg,no
Atriplex nessorhina,https://plantnet.rbgsyd.nsw.gov.au/cgi-bin/NSWfl.pl?page=nswfl&lvl=sp&name=Atriplex~nessorhina,https://plantnet.rbgsyd.nsw.gov.au/cgi-bin/NSWfl.pl?page=nswfl&photo=31&file=53/689/NSW806630.jpg,https://plantnet.rbgsyd.nsw.gov.au/HerbLink/multimedia/53/689/NSW806630.thumb.jpg,no
Atriplex papillata,https://plantnet.rbgsyd.nsw.gov.au/cgi-bin/NSWfl.pl?page=nswfl&lvl=sp&name=Atriplex~papillata,https://plantnet.rbgsyd.nsw.gov.au/cgi-bin/NSWfl.pl?page=nswfl&photo=31&file=53/663/NSW251521.jpg,https://plantnet.rbgsyd.nsw.gov.au/HerbLink/multimedia/53/663/NSW251521.thumb.jpg,no
Atriplex spinibractea,https://plantnet.rbgsyd.nsw.gov.au/cgi-bin/NSWfl.pl?page=nswfl&lvl=sp&name=Atriplex~spinibractea,https://plantnet.rbgsyd.nsw.gov.au/cgi-bin/NSWfl.pl?page=nswfl&photo=31&file=53/667/NSW337762.jpg,https://plantnet.rbgsyd.nsw.gov.au/HerbLink/multimedia/53/667/NSW337762.thumb.jpg,yes
Atriplex sturtii,https://plantnet.rbgsyd.nsw.gov.au/cgi-bin/NSWfl.pl?page=nswfl&lvl=sp&name=Atriplex~sturtii,https://plantnet.rbgsyd.nsw.gov.au/cgi-bin/NSWfl.pl?page=nswfl&photo=25&file=0/641/000125.jpg,https://plantnet.rbgsyd.nsw.gov.au/HerbLink/multimedia/0/641/000125.thumb.jpg,no
Austrostipa tuckeri,https://plantnet.rbgsyd.nsw.gov.au/cgi-bin/NSWfl.pl?page=nswfl&lvl=sp&name=Austrostipa~tuckeri,https://plantnet.rbgsyd.nsw.gov.au/cgi-bin/NSWfl.pl?page=nswfl&photo=25&file=0/637/000837.jpg,https://plantnet.rbgsyd.nsw.gov.au/HerbLink/multimedia/0/637/000837.thumb.jpg,no
Bertya linearifolia,https://plantnet.rbgsyd.nsw.gov.au/cgi-bin/NSWfl.pl?page=nswfl&lvl=sp&name=Bertya~linearifolia,https://plantnet.rbgsyd.nsw.gov.au/cgi-bin/NSWfl.pl?page=nswfl&photo=31&file=50/867/NSW490932.jpg,https://plantnet.rbgsyd.nsw.gov.au/HerbLink/multimedia/50/867/NSW490932.thumb.jpg,no
Bertya oblonga,https://plantnet.rbgsyd.nsw.gov.au/cgi-bin/NSWfl.pl?page=nswfl&lvl=sp&name=Bertya~oblonga,https://plantnet.rbgsyd.nsw.gov.au/cgi-bin/NSWfl.pl?page=nswfl&photo=25&file=33/967/006921.jpg,https://plantnet.rbgsyd.nsw.gov.au/HerbLink/multimedia/33/967/006921.thumb.jpg,no
Bertya riparia,https://plantnet.rbgsyd.nsw.gov.au/cgi-bin/NSWfl.pl?page=nswfl&lvl=sp&name=Bertya~riparia,https://plantnet.rbgsyd.nsw.gov.au/cgi-bin/NSWfl.pl?page=nswfl&photo=25&file=79/169/022200.jpg,https://plantnet.rbgsyd.nsw.gov.au/HerbLink/multimedia/79/169/022200.thumb.jpg,no
Blechnum howeanum,https://plantnet.rbgsyd.nsw.gov.au/cgi-bin/NSWfl.pl?page=nswfl&lvl=sp&name=Blechnum~howeanum,https://plantnet.rbgsyd.nsw.gov.au/cgi-bin/NSWfl.pl?page=nswfl&photo=31&file=50/960/NSW606986.jpg,https://plantnet.rbgsyd.nsw.gov.au/HerbLink/multimedia/50/960/NSW606986.thumb.jpg,no
Bossiaea obovata,https://plantnet.rbgsyd.nsw.gov.au/cgi-bin/NSWfl.pl?page=nswfl&lvl=sp&name=Bossiaea~obovata,https://plantnet.rbgsyd.nsw.gov.au/cgi-bin/NSWfl.pl?page=nswfl&photo=33&file=90/927/NSW567111.jpg,https://plantnet.rbgsyd.nsw.gov.au/HerbLink/multimedia/90/927/NSW567111.thumb.jpg,no
Brachyscome brownii,https://plantnet.rbgsyd.nsw.gov.au/cgi-bin/NSWfl.pl?page=nswfl&lvl=sp&name=Brachyscome~brownii,https://plantnet.rbgsyd.nsw.gov.au/cgi-bin/NSWfl.pl?page=nswfl&photo=25&file=201/224/021885.jpg,https://plantnet.rbgsyd.nsw.gov.au/HerbLink/multimedia/201/224/021885.thumb.jpg,no
Brachyscome casstiana,https://plantnet.rbgsyd.nsw.gov.au/cgi-bin/NSWfl.pl?page=nswfl&lvl=sp&name=Brachyscome~casstiana,https://plantnet.rbgsyd.nsw.gov.au/cgi-bin/NSWfl.pl?page=nswfl&photo=25&file=201/681/022740.jpg,https://plantnet.rbgsyd.nsw.gov.au/HerbLink/multimedia/201/681/022740.thumb.jpg,no
Brachyscome dissectifolia,https://plantnet.rbgsyd.nsw.gov.au/cgi-bin/NSWfl.pl?page=nswfl&lvl=sp&name=Brachyscome~dissectifolia,https://plantnet.rbgsyd.nsw.gov.au/cgi-bin/NSWfl.pl?page=nswfl&photo=31&file=10/051/431524.jpg,https://plantnet.rbgsyd.nsw.gov.au/HerbLink/multimedia/10/051/431524.thumb.jpg,no
Brachyscome tamworthensis,https://plantnet.rbgsyd.nsw.gov.au/cgi-bin/NSWfl.pl?page=nswfl&lvl=sp&name=Brachyscome~tamworthensis,https://plantnet.rbgsyd.nsw.gov.au/cgi-bin/NSWfl.pl?page=nswfl&photo=25&file=202/283/022747.jpg,https://plantnet.rbgsyd.nsw.gov.au/HerbLink/multimedia/202/283/022747.thumb.jpg,no
Brachyscome triloba,https://plantnet.rbgsyd.nsw.gov.au/cgi-bin/NSWfl.pl?page=nswfl&lvl=sp&name=Brachyscome~triloba,https://plantnet.rbgsyd.nsw.gov.au/cgi-bin/NSWfl.pl?page=nswfl&photo=25&file=46/491/021369.jpg,https://plantnet.rbgsyd.nsw.gov.au/HerbLink/multimedia/46/491/021369.thumb.jpg,no
Brachyscome trisecta,https://plantnet.rbgsyd.nsw.gov.au/cgi-bin/NSWfl.pl?page=nswfl&lvl=sp&name=Brachyscome~trisecta,https://plantnet.rbgsyd.nsw.gov.au/cgi-bin/NSWfl.pl?page=nswfl&photo=25&file=201/223/021886.jpg,https://plantnet.rbgsyd.nsw.gov.au/HerbLink/multimedia/201/223/021886.thumb.jpg,yes
Bulbophyllum globuliforme,https://plantnet.rbgsyd.nsw.gov.au/cgi-bin/NSWfl.pl?page=nswfl&lvl=sp&name=Bulbophyllum~globuliforme,https://plantnet.rbgsyd.nsw.gov.au/cgi-bin/NSWfl.pl?page=nswfl&photo=28&file=82/537/Bulbophyllum_globuliforme_pa110014.jpg,https://plantnet.rbgsyd.nsw.gov.au/HerbLink/multimedia/82/537/Bulbophyllum_globuliforme_pa110014.thumb.jpg,yes
Caladenia callitrophila,https://plantnet.rbgsyd.nsw.gov.au/cgi-bin/NSWfl.pl?page=nswfl&lvl=sp&name=Caladenia~callitrophila,https://plantnet.rbgsyd.nsw.gov.au/cgi-bin/NSWfl.pl?page=nswfl&photo=33&file=89/412/NSW521902.jpg,https://plantnet.rbgsyd.nsw.gov.au/HerbLink/multimedia/89/412/NSW521902.thumb.jpg,no
Caladenia rileyi,https://plantnet.rbgsyd.nsw.gov.au/cgi-bin/NSWfl.pl?page=nswfl&lvl=sp&name=Caladenia~rileyi,https://plantnet.rbgsyd.nsw.gov.au/cgi-bin/NSWfl.pl?page=nswfl&photo=33&file=89/405/NSW521894.jpg,https://plantnet.rbgsyd.nsw.gov.au/HerbLink/multimedia/89/405/NSW521894.thumb.jpg,no
Callitriche umbonata,https://plantnet.rbgsyd.nsw.gov.au/cgi-bin/NSWfl.pl?page=nswfl&lvl=sp&name=Callitriche~umbonata,https://plantnet.rbgsyd.nsw.gov.au/cgi-bin/NSWfl.pl?page=nswfl&photo=32&file=58/606/NSW425675.jpg,https://plantnet.rbgsyd.nsw.gov.au/HerbLink/multimedia/58/606/NSW425675.thumb.jpg,no
Calotis inermis,https://plantnet.rbgsyd.nsw.gov.au/cgi-bin/NSWfl.pl?page=nswfl&lvl=sp&name=Calotis~inermis,https://plantnet.rbgsyd.nsw.gov.au/cgi-bin/NSWfl.pl?page=nswfl&photo=31&file=10/031/428313.jpg,https://plantnet.rbgsyd.nsw.gov.au/HerbLink/multimedia/10/031/428313.thumb.jpg,no
Calotis moorei,https://plantnet.rbgsyd.nsw.gov.au/cgi-bin/NSWfl.pl?page=nswfl&lvl=sp&name=Calotis~moorei,https://plantnet.rbgsyd.nsw.gov.au/cgi-bin/NSWfl.pl?page=nswfl&photo=25&file=9/121/000647.jpg,https://plantnet.rbgsyd.nsw.gov.au/HerbLink/multimedia/9/121/000647.thumb.jpg,no
Calotis squamigera,https://plantnet.rbgsyd.nsw.gov.au/cgi-bin/NSWfl.pl?page=nswfl&lvl=sp&name=Calotis~squamigera,https://plantnet.rbgsyd.nsw.gov.au/cgi-bin/NSWfl.pl?page=nswfl&photo=31&file=52/681/NSW569566.jpg,https://plantnet.rbgsyd.nsw.gov.au/HerbLink/multimedia/52/681/NSW569566.thumb.jpg,no
Cardamine franklinensis,https://plantnet.rbgsyd.nsw.gov.au/cgi-bin/NSWfl.pl?page=nswfl&lvl=sp&name=Cardamine~franklinensis,https://plantnet.rbgsyd.nsw.gov.au/cgi-bin/NSWfl.pl?page=nswfl&photo=31&file=52/653/NSW295218.jpg,https://plantnet.rbgsyd.nsw.gov.au/HerbLink/multimedia/52/653/NSW295218.thumb.jpg,no
Carex debilior,https://plantnet.rbgsyd.nsw.gov.au/cgi-bin/NSWfl.pl?page=nswfl&lvl=sp&name=Carex~debilior,https://plantnet.rbgsyd.nsw.gov.au/cgi-bin/NSWfl.pl?page=nswfl&photo=31&file=51/041/NSW668043.jpg,https://plantnet.rbgsyd.nsw.gov.au/HerbLink/multimedia/51/041/NSW668043.thumb.jpg,no
Cassinia lepschii,https://plantnet.rbgsyd.nsw.gov.au/cgi-bin/NSWfl.pl?page=nswfl&lvl=sp&name=Cassinia~lepschii,https://plantnet.rbgsyd.nsw.gov.au/cgi-bin/NSWfl.pl?page=nswfl&photo=25&file=86/868/022393.jpg,https://plantnet.rbgsyd.nsw.gov.au/HerbLink/multimedia/86/868/022393.thumb.jpg,no
Cassinia theresae,https://plantnet.rbgsyd.nsw.gov.au/cgi-bin/NSWfl.pl?page=nswfl&lvl=sp&name=Cassinia~theresae,https://plantnet.rbgsyd.nsw.gov.au/cgi-bin/NSWfl.pl?page=nswfl&photo=33&file=92/376/NSW674641.jpg,https://plantnet.rbgsyd.nsw.gov.au/HerbLink/multimedia/92/376/NSW674641.thumb.jpg,no
Chenopodium auricomiforme,https://plantnet.rbgsyd.nsw.gov.au/cgi-bin/NSWfl.pl?page=nswfl&lvl=sp&name=Chenopodium~auricomiforme,https://plantnet.rbgsyd.nsw.gov.au/cgi-bin/NSWfl.pl?page=nswfl&photo=31&file=53/635/NSW674392.jpg,https://plantnet.rbgsyd.nsw.gov.au/HerbLink/multimedia/53/635/NSW674392.thumb.jpg,no
Chionanthus quadristamineus,https://plantnet.rbgsyd.nsw.gov.au/cgi-bin/NSWfl.pl?page=nswfl&lvl=sp&name=Chionanthus~quadristamineus,https://plantnet.rbgsyd.nsw.gov.au/cgi-bin/NSWfl.pl?page=nswfl&photo=31&file=50/903/NSW519685.jpg,https://plantnet.rbgsyd.nsw.gov.au/HerbLink/multimedia/50/903/NSW519685.thumb.jpg,no
Chionochloa howensis,https://plantnet.rbgsyd.nsw.gov.au/cgi-bin/NSWfl.pl?page=nswfl&lvl=sp&name=Chionochloa~howensis,https://plantnet.rbgsyd.nsw.gov.au/cgi-bin/NSWfl.pl?page=nswfl&photo=31&file=53/591/NSW178643.jpg,https://plantnet.rbgsyd.nsw.gov.au/HerbLink/multimedia/53/591/NSW178643.thumb.jpg,no
Coprosma huttoniana,https://plantnet.rbgsyd.nsw.gov.au/cgi-bin/NSWfl.pl?page=nswfl&lvl=sp&name=Coprosma~huttoniana,https://plantnet.rbgsyd.nsw.gov.au/cgi-bin/NSWfl.pl?page=nswfl&photo=31&file=53/529/NSW447695.jpg,https://plantnet.rbgsyd.nsw.gov.au/HerbLink/multimedia/53/529/NSW447695.thumb.jpg,no
Coprosma lanceolaris,https://plantnet.rbgsyd.nsw.gov.au/cgi-bin/NSWfl.pl?page=nswfl&lvl=sp&name=Coprosma~lanceolaris,https://plantnet.rbgsyd.nsw.gov.au/cgi-bin/NSWfl.pl?page=nswfl&photo=31&file=53/530/NSW447701.jpg,https://plantnet.rbgsyd.nsw.gov.au/HerbLink/multimedia/53/530/NSW447701.thumb.jpg,no
Coprosma putida,https://plantnet.rbgsyd.nsw.gov.au/cgi-bin/NSWfl.pl?page=nswfl&lvl=sp&name=Coprosma~putida,https://plantnet.rbgsyd.nsw.gov.au/cgi-bin/NSWfl.pl?page=nswfl&photo=31&file=53/536/NSW519693.jpg,https://plantnet.rbgsyd.nsw.gov.au/HerbLink/multimedia/53/536/NSW519693.thumb.jpg,no
Cryptocarya dorrigoensis,https://plantnet.rbgsyd.nsw.gov.au/cgi-bin/NSWfl.pl?page=nswfl&lvl=sp&name=Cryptocarya~dorrigoensis,https://plantnet.rbgsyd.nsw.gov.au/cgi-bin/NSWfl.pl?page=nswfl&photo=32&file=8/068/126858.jpg,https://plantnet.rbgsyd.nsw.gov.au/HerbLink/multimedia/8/068/126858.thumb.jpg,no
Cryptocarya williwilliana,https://plantnet.rbgsyd.nsw.gov.au/cgi-bin/NSWfl.pl?page=nswfl&lvl=sp&name=Cryptocarya~williwilliana,https://plantnet.rbgsyd.nsw.gov.au/cgi-bin/NSWfl.pl?page=nswfl&photo=31&file=8/730/371497.jpg,https://plantnet.rbgsyd.nsw.gov.au/HerbLink/multimedia/8/730/371497.thumb.jpg,yes
Cyathea brevipinna,https://plantnet.rbgsyd.nsw.gov.au/cgi-bin/NSWfl.pl?page=nswfl&lvl=sp&name=Cyathea~brevipinna,https://plantnet.rbgsyd.nsw.gov.au/cgi-bin/NSWfl.pl?page=nswfl&photo=31&file=50/688/NSW381995.jpg,https://plantnet.rbgsyd.nsw.gov.au/HerbLink/multimedia/50/688/NSW381995.thumb.jpg,no
Cyathea howeana,https://plantnet.rbgsyd.nsw.gov.au/cgi-bin/NSWfl.pl?page=nswfl&lvl=sp&name=Cyathea~howeana,https://plantnet.rbgsyd.nsw.gov.au/cgi-bin/NSWfl.pl?page=nswfl&photo=31&file=50/724/NSW409919.jpg,https://plantnet.rbgsyd.nsw.gov.au/HerbLink/multimedia/50/724/NSW409919.thumb.jpg,no
Cyperus flavidus,https://plantnet.rbgsyd.nsw.gov.au/cgi-bin/NSWfl.pl?page=nswfl&lvl=sp&name=Cyperus~flavidus,https://plantnet.rbgsyd.nsw.gov.au/cgi-bin/NSWfl.pl?page=nswfl&photo=31&file=51/297/NSW811270.jpg,https://plantnet.rbgsyd.nsw.gov.au/HerbLink/multimedia/51/297/NSW811270.thumb.jpg,no
Cyperus isabellinus,https://plantnet.rbgsyd.nsw.gov.au/cgi-bin/NSWfl.pl?page=nswfl&lvl=sp&name=Cyperus~isabellinus,https://plantnet.rbgsyd.nsw.gov.au/cgi-bin/NSWfl.pl?page=nswfl&photo=33&file=95/853/NSW648049.jpg,https://plantnet.rbgsyd.nsw.gov.au/HerbLink/multimedia/95/853/NSW648049.thumb.jpg,yes
Cyperus secubans,https://plantnet.rbgsyd.nsw.gov.au/cgi-bin/NSWfl.pl?page=nswfl&lvl=sp&name=Cyperus~secubans,https://plantnet.rbgsyd.nsw.gov.au/cgi-bin/NSWfl.pl?page=nswfl&photo=33&file=95/852/NSW648042.jpg,https://plantnet.rbgsyd.nsw.gov.au/HerbLink/multimedia/95/852/NSW648042.thumb.jpg,no
Deyeuxia acuminata,https://plantnet.rbgsyd.nsw.gov.au/cgi-bin/NSWfl.pl?page=nswfl&lvl=sp&name=Deyeuxia~acuminata,https://plantnet.rbgsyd.nsw.gov.au/cgi-bin/NSWfl.pl?page=nswfl&photo=33&file=92/970/NSW377465.jpg,https://plantnet.rbgsyd.nsw.gov.au/HerbLink/multimedia/92/970/NSW377465.thumb.jpg,no
Deyeuxia angustifolia,https://plantnet.rbgsyd.nsw.gov.au/cgi-bin/NSWfl.pl?page=nswfl&lvl=sp&name=Deyeuxia~angustifolia,https://plantnet.rbgsyd.nsw.gov.au/cgi-bin/NSWfl.pl?page=nswfl&photo=33&file=93/239/NSW504852.jpg,https://plantnet.rbgsyd.nsw.gov.au/HerbLink/multimedia/93/239/NSW504852.thumb.jpg,no
Deyeuxia imbricata,https://plantnet.rbgsyd.nsw.gov.au/cgi-bin/NSWfl.pl?page=nswfl&lvl=sp&name=Deyeuxia~imbricata,https://plantnet.rbgsyd.nsw.gov.au/cgi-bin/NSWfl.pl?page=nswfl&photo=33&file=92/973/NSW379949.jpg,https://plantnet.rbgsyd.nsw.gov.au/HerbLink/multimedia/92/973/NSW379949.thumb.jpg,no
Deyeuxia mckiei,https://plantnet.rbgsyd.nsw.gov.au/cgi-bin/NSWfl.pl?page=nswfl&lvl=sp&name=Deyeuxia~mckiei,https://plantnet.rbgsyd.nsw.gov.au/cgi-bin/NSWfl.pl?page=nswfl&photo=33&file=92/968/NSW377404.jpg,https://plantnet.rbgsyd.nsw.gov.au/HerbLink/multimedia/92/968/NSW377404.thumb.jpg,no
Deyeuxia mesathera,https://plantnet.rbgsyd.nsw.gov.au/cgi-bin/NSWfl.pl?page=nswfl&lvl=sp&name=Deyeuxia~mesathera,https://plantnet.rbgsyd.nsw.gov.au/cgi-bin/NSWfl.pl?page=nswfl&photo=33&file=93/232/NSW504449.jpg,https://plantnet.rbgsyd.nsw.gov.au/HerbLink/multimedia/93/232/NSW504449.thumb.jpg,no
Deyeuxia nudiflora,https://plantnet.rbgsyd.nsw.gov.au/cgi-bin/NSWfl.pl?page=nswfl&lvl=sp&name=Deyeuxia~nudiflora,https://plantnet.rbgsyd.nsw.gov.au/cgi-bin/NSWfl.pl?page=nswfl&photo=33&file=93/398/NSW549291.jpg,https://plantnet.rbgsyd.nsw.gov.au/HerbLink/multimedia/93/398/NSW549291.thumb.jpg,no
Deyeuxia parviseta,https://plantnet.rbgsyd.nsw.gov.au/cgi-bin/NSWfl.pl?page=nswfl&lvl=sp&name=Deyeuxia~parviseta,https://plantnet.rbgsyd.nsw.gov.au/cgi-bin/NSWfl.pl?page=nswfl&photo=33&file=95/680/NSW502539.jpg,https://plantnet.rbgsyd.nsw.gov.au/HerbLink/multimedia/95/680/NSW502539.thumb.jpg,no
Deyeuxia reflexa,https://plantnet.rbgsyd.nsw.gov.au/cgi-bin/NSWfl.pl?page=nswfl&lvl=sp&name=Deyeuxia~reflexa,https://plantnet.rbgsyd.nsw.gov.au/cgi-bin/NSWfl.pl?page=nswfl&photo=33&file=93/401/NSW549306.jpg,https://plantnet.rbgsyd.nsw.gov.au/HerbLink/multimedia/93/401/NSW549306.thumb.jpg,no
Deyeuxia scaberula,https://plantnet.rbgsyd.nsw.gov.au/cgi-bin/NSWfl.pl?page=nswfl&lvl=sp&name=Deyeuxia~scaberula,https://plantnet.rbgsyd.nsw.gov.au/cgi-bin/NSWfl.pl?page=nswfl&photo=33&file=93/404/NSW549603.jpg,https://plantnet.rbgsyd.nsw.gov.au/HerbLink/multimedia/93/404/NSW549603.thumb.jpg,yes
Digitaria longiflora,https://plantnet.rbgsyd.nsw.gov.au/cgi-bin/NSWfl.pl?page=nswfl&lvl=sp&name=Digitaria~longiflora,https://plantnet.rbgsyd.nsw.gov.au/cgi-bin/NSWfl.pl?page=nswfl&photo=31&file=25/961/275686.jpg,https://plantnet.rbgsyd.nsw.gov.au/HerbLink/multimedia/25/961/275686.thumb.jpg,no
Dillwynia palustris,https://plantnet.rbgsyd.nsw.gov.au/cgi-bin/NSWfl.pl?page=nswfl&lvl=sp&name=Dillwynia~palustris,https://plantnet.rbgsyd.nsw.gov.au/cgi-bin/NSWfl.pl?page=nswfl&photo=25&file=0/278/000055.jpg,https://plantnet.rbgsyd.nsw.gov.au/HerbLink/multimedia/0/278/000055.thumb.jpg,no
Dillwynia stipulifera,https://plantnet.rbgsyd.nsw.gov.au/cgi-bin/NSWfl.pl?page=nswfl&lvl=sp&name=Dillwynia~stipulifera,https://plantnet.rbgsyd.nsw.gov.au/cgi-bin/NSWfl.pl?page=nswfl&photo=32&file=12/412/518064.jpg,https://plantnet.rbgsyd.nsw.gov.au/HerbLink/multimedia/12/412/518064.thumb.jpg,no
Dimorphocoma minutula,https://plantnet.rbgsyd.nsw.gov.au/cgi-bin/NSWfl.pl?page=nswfl&lvl=sp&name=Dimorphocoma~minutula,https://plantnet.rbgsyd.nsw.gov.au/cgi-bin/NSWfl.pl?page=nswfl&photo=31&file=8/896/407515.jpg,https://plantnet.rbgsyd.nsw.gov.au/HerbLink/multimedia/8/896/407515.thumb.jpg,no
Diplazium melanochlamys,https://plantnet.rbgsyd.nsw.gov.au/cgi-bin/NSWfl.pl?page=nswfl&lvl=sp&name=Diplazium~melanochlamys,https://plantnet.rbgsyd.nsw.gov.au/cgi-bin/NSWfl.pl?page=nswfl&photo=31&file=50/814/NSW449200.jpg,https://plantnet.rbgsyd.nsw.gov.au/HerbLink/multimedia/50/814/NSW449200.thumb.jpg,no
Dissocarpus latifolius,https://plantnet.rbgsyd.nsw.gov.au/cgi-bin/NSWfl.pl?page=nswfl&lvl=sp&name=Dissocarpus~latifolius,https://plantnet.rbgsyd.nsw.gov.au/cgi-bin/NSWfl.pl?page=nswfl&photo=31&file=53/672/NSW347856.jpg,https://plantnet.rbgsyd.nsw.gov.au/HerbLink/multimedia/53/672/NSW347856.thumb.jpg,no
Diuris flavescens,https://plantnet.rbgsyd.nsw.gov.au/cgi-bin/NSWfl.pl?page=nswfl&lvl=sp&name=Diuris~flavescens,https://plantnet.rbgsyd.nsw.gov.au/cgi-bin/NSWfl.pl?page=nswfl&photo=25&file=0/217/000007.jpg,https://plantnet.rbgsyd.nsw.gov.au/HerbLink/multimedia/0/217/000007.thumb.jpg,no
Diuris fucosa,https://plantnet.rbgsyd.nsw.gov.au/cgi-bin/NSWfl.pl?page=nswfl&lvl=sp&name=Diuris~fucosa,https://plantnet.rbgsyd.nsw.gov.au/cgi-bin/NSWfl.pl?page=nswfl&photo=33&file=89/696/NSW811323.jpg,https://plantnet.rbgsyd.nsw.gov.au/HerbLink/multimedia/89/696/NSW811323.thumb.jpg,no
Duperreya halfordii,https://plantnet.rbgsyd.nsw.gov.au/cgi-bin/NSWfl.pl?page=nswfl&lvl=sp&name=Duperreya~halfordii,https://plantnet.rbgsyd.nsw.gov.au/cgi-bin/NSWfl.pl?page=nswfl&photo=31&file=8/253/216887.jpg,https://plantnet.rbgsyd.nsw.gov.au/HerbLink/multimedia/8/253/216887.thumb.jpg,no
Echinochloa inundata,https://plantnet.rbgsyd.nsw.gov.au/cgi-bin/NSWfl.pl?page=nswfl&lvl=sp&name=Echinochloa~inundata,https://plantnet.rbgsyd.nsw.gov.au/cgi-bin/NSWfl.pl?page=nswfl&photo=31&file=26/612/113433.jpg,https://plantnet.rbgsyd.nsw.gov.au/HerbLink/multimedia/26/612/113433.thumb.jpg,no
Echinopogon mckiei,https://plantnet.rbgsyd.nsw.gov.au/cgi-bin/NSWfl.pl?page=nswfl&lvl=sp&name=Echinopogon~mckiei,https://plantnet.rbgsyd.nsw.gov.au/cgi-bin/NSWfl.pl?page=nswfl&photo=31&file=35/007/377753.jpg,https://plantnet.rbgsyd.nsw.gov.au/HerbLink/multimedia/35/007/377753.thumb.jpg,no
Echinopogon phleoides,https://plantnet.rbgsyd.nsw.gov.au/cgi-bin/NSWfl.pl?page=nswfl&lvl=sp&name=Echinopogon~phleoides,https://plantnet.rbgsyd.nsw.gov.au/cgi-bin/NSWfl.pl?page=nswfl&photo=31&file=35/003/373061.jpg,https://plantnet.rbgsyd.nsw.gov.au/HerbLink/multimedia/35/003/373061.thumb.jpg,no
Elaeocarpus williamsianus,https://plantnet.rbgsyd.nsw.gov.au/cgi-bin/NSWfl.pl?page=nswfl&lvl=sp&name=Elaeocarpus~williamsianus,https://plantnet.rbgsyd.nsw.gov.au/cgi-bin/NSWfl.pl?page=nswfl&photo=25&file=19/212/000274.jpg,https://plantnet.rbgsyd.nsw.gov.au/HerbLink/multimedia/19/212/000274.thumb.jpg,no
Eleocharis blakeana,https://plantnet.rbgsyd.nsw.gov.au/cgi-bin/NSWfl.pl?page=nswfl&lvl=sp&name=Eleocharis~blakeana,https://plantnet.rbgsyd.nsw.gov.au/cgi-bin/NSWfl.pl?page=nswfl&photo=28&file=231/781/Eleocharis%20pusilla%20KW%2010666%20E%20plana%20sn%20and%20E%20blakeana%20KW%2010663.jpg,https://plantnet.rbgsyd.nsw.gov.au/HerbLink/multimedia/231/781/Eleocharis%20pusilla%20KW%2010666%20E%20plana%20sn%20and%20E%20blakeana%20KW%2010663.thumb.jpg,yes
Eleocharis macbarronii,https://plantnet.rbgsyd.nsw.gov.au/cgi-bin/NSWfl.pl?page=nswfl&lvl=sp&name=Eleocharis~macbarronii,https://plantnet.rbgsyd.nsw.gov.au/cgi-bin/NSWfl.pl?page=nswfl&photo=28&file=231/782/Eleocharis%20macbarronii%20KW%2010603.jpg,https://plantnet.rbgsyd.nsw.gov.au/HerbLink/multimedia/231/782/Eleocharis%20macbarronii%20KW%2010603.thumb.jpg,yes
Epacris lithophila,https://plantnet.rbgsyd.nsw.gov.au/cgi-bin/NSWfl.pl?page=nswfl&lvl=sp&name=Epacris~lithophila,https://plantnet.rbgsyd.nsw.gov.au/cgi-bin/NSWfl.pl?page=nswfl&photo=31&file=11/016/108947.jpg,https://plantnet.rbgsyd.nsw.gov.au/HerbLink/multimedia/11/016/108947.thumb.jpg,no
Epacris pinoidea,https://plantnet.rbgsyd.nsw.gov.au/cgi-bin/NSWfl.pl?page=nswfl&lvl=sp&name=Epacris~pinoidea,https://plantnet.rbgsyd.nsw.gov.au/cgi-bin/NSWfl.pl?page=nswfl&photo=31&file=11/713/430903.jpg,https://plantnet.rbgsyd.nsw.gov.au/HerbLink/multimedia/11/713/430903.thumb.jpg,no
Erigeron conyzoides,https://plantnet.rbgsyd.nsw.gov.au/cgi-bin/NSWfl.pl?page=nswfl&lvl=sp&name=Erigeron~conyzoides,https://plantnet.rbgsyd.nsw.gov.au/cgi-bin/NSWfl.pl?page=nswfl&photo=31&file=10/538/513746.jpg,https://plantnet.rbgsyd.nsw.gov.au/HerbLink/multimedia/10/538/513746.thumb.jpg,no
Eriochlamys cupularis,https://plantnet.rbgsyd.nsw.gov.au/cgi-bin/NSWfl.pl?page=nswfl&lvl=sp&name=Eriochlamys~cupularis,https://plantnet.rbgsyd.nsw.gov.au/cgi-bin/NSWfl.pl?page=nswfl&photo=33&file=89/657/NSW776079.jpg,https://plantnet.rbgsyd.nsw.gov.au/HerbLink/multimedia/89/657/NSW776079.thumb.jpg,no
Erodium janszii,https://plantnet.rbgsyd.nsw.gov.au/cgi-bin/NSWfl.pl?page=nswfl&lvl=sp&name=Erodium~janszii,https://plantnet.rbgsyd.nsw.gov.au/cgi-bin/NSWfl.pl?page=nswfl&photo=33&file=90/787/NSW459934.jpg,https://plantnet.rbgsyd.nsw.gov.au/HerbLink/multimedia/90/787/NSW459934.thumb.jpg,no
Eucalyptus quinniorum,https://plantnet.rbgsyd.nsw.gov.au/cgi-bin/NSWfl.pl?page=nswfl&lvl=sp&name=Eucalyptus~quinniorum,https://plantnet.rbgsyd.nsw.gov.au/cgi-bin/NSWfl.pl?page=nswfl&photo=31&file=23/111/205330.jpg,https://plantnet.rbgsyd.nsw.gov.au/HerbLink/multimedia/23/111/205330.thumb.jpg,no
Eucryphia jinksii,https://plantnet.rbgsyd.nsw.gov.au/cgi-bin/NSWfl.pl?page=nswfl&lvl=sp&name=Eucryphia~jinksii,https://plantnet.rbgsyd.nsw.gov.au/cgi-bin/NSWfl.pl?page=nswfl&photo=33&file=89/311/NSW457837.jpg,https://plantnet.rbgsyd.nsw.gov.au/HerbLink/multimedia/89/311/NSW457837.thumb.jpg,yes
Exocarpos homalocladus,https://plantnet.rbgsyd.nsw.gov.au/cgi-bin/NSWfl.pl?page=nswfl&lvl=sp&name=Exocarpos~homalocladus,https://plantnet.rbgsyd.nsw.gov.au/cgi-bin/NSWfl.pl?page=nswfl&photo=31&file=11/737/436064.jpg,https://plantnet.rbgsyd.nsw.gov.au/HerbLink/multimedia/11/737/436064.thumb.jpg,no
Gahnia howeana,https://plantnet.rbgsyd.nsw.gov.au/cgi-bin/NSWfl.pl?page=nswfl&lvl=sp&name=Gahnia~howeana,https://plantnet.rbgsyd.nsw.gov.au/cgi-bin/NSWfl.pl?page=nswfl&photo=31&file=22/120/519611.jpg,https://plantnet.rbgsyd.nsw.gov.au/HerbLink/multimedia/22/120/519611.thumb.jpg,no
Galium microlobum,https://plantnet.rbgsyd.nsw.gov.au/cgi-bin/NSWfl.pl?page=nswfl&lvl=sp&name=Galium~microlobum,https://plantnet.rbgsyd.nsw.gov.au/cgi-bin/NSWfl.pl?page=nswfl&photo=25&file=71/754/032375.jpg,https://plantnet.rbgsyd.nsw.gov.au/HerbLink/multimedia/71/754/032375.thumb.jpg,no
Geniostoma huttonii,https://plantnet.rbgsyd.nsw.gov.au/cgi-bin/NSWfl.pl?page=nswfl&lvl=sp&name=Geniostoma~huttonii,https://plantnet.rbgsyd.nsw.gov.au/cgi-bin/NSWfl.pl?page=nswfl&photo=25&file=1/773/000367.jpg,https://plantnet.rbgsyd.nsw.gov.au/HerbLink/multimedia/1/773/000367.thumb.jpg,no
Geniostoma petiolosum,https://plantnet.rbgsyd.nsw.gov.au/cgi-bin/NSWfl.pl?page=nswfl&lvl=sp&name=Geniostoma~petiolosum,https://plantnet.rbgsyd.nsw.gov.au/cgi-bin/NSWfl.pl?page=nswfl&photo=31&file=50/413/NSW649169.jpg,https://plantnet.rbgsyd.nsw.gov.au/HerbLink/multimedia/50/413/NSW649169.thumb.jpg,no
Gentiana wingecarribiensis,https://plantnet.rbgsyd.nsw.gov.au/cgi-bin/NSWfl.pl?page=nswfl&lvl=sp&name=Gentiana~wingecarribiensis,https://plantnet.rbgsyd.nsw.gov.au/cgi-bin/NSWfl.pl?page=nswfl&photo=28&file=9/031/002882.jpg,https://plantnet.rbgsyd.nsw.gov.au/HerbLink/multimedia/9/031/002882.thumb.jpg,yes
Glycine stenophita,https://plantnet.rbgsyd.nsw.gov.au/cgi-bin/NSWfl.pl?page=nswfl&lvl=sp&name=Glycine~stenophita,https://plantnet.rbgsyd.nsw.gov.au/cgi-bin/NSWfl.pl?page=nswfl&photo=31&file=51/111/NSW693580.jpg,https://plantnet.rbgsyd.nsw.gov.au/HerbLink/multimedia/51/111/NSW693580.thumb.jpg,no
Gonocarpus salsoloides,https://plantnet.rbgsyd.nsw.gov.au/cgi-bin/NSWfl.pl?page=nswfl&lvl=sp&name=Gonocarpus~salsoloides,https://plantnet.rbgsyd.nsw.gov.au/cgi-bin/NSWfl.pl?page=nswfl&photo=33&file=95/162/NSW152265.jpg,https://plantnet.rbgsyd.nsw.gov.au/HerbLink/multimedia/95/162/NSW152265.thumb.jpg,no
Goodenia nocoleche,https://plantnet.rbgsyd.nsw.gov.au/cgi-bin/NSWfl.pl?page=nswfl&lvl=sp&name=Goodenia~nocoleche,https://plantnet.rbgsyd.nsw.gov.au/cgi-bin/NSWfl.pl?page=nswfl&photo=25&file=33/942/006890.jpg,https://plantnet.rbgsyd.nsw.gov.au/HerbLink/multimedia/33/942/006890.thumb.jpg,no
Grammitis diminuta,https://plantnet.rbgsyd.nsw.gov.au/cgi-bin/NSWfl.pl?page=nswfl&lvl=sp&name=Grammitis~diminuta,https://plantnet.rbgsyd.nsw.gov.au/cgi-bin/NSWfl.pl?page=nswfl&photo=31&file=50/871/NSW494586.jpg,https://plantnet.rbgsyd.nsw.gov.au/HerbLink/multimedia/50/871/NSW494586.thumb.jpg,no
Grammitis nudicarpa,https://plantnet.rbgsyd.nsw.gov.au/cgi-bin/NSWfl.pl?page=nswfl&lvl=sp&name=Grammitis~nudicarpa,https://plantnet.rbgsyd.nsw.gov.au/cgi-bin/NSWfl.pl?page=nswfl&photo=31&file=50/899/NSW519598.jpg,https://plantnet.rbgsyd.nsw.gov.au/HerbLink/multimedia/50/899/NSW519598.thumb.jpg,no
Grammitis wattsii,https://plantnet.rbgsyd.nsw.gov.au/cgi-bin/NSWfl.pl?page=nswfl&lvl=sp&name=Grammitis~wattsii,https://plantnet.rbgsyd.nsw.gov.au/cgi-bin/NSWfl.pl?page=nswfl&photo=31&file=50/798/NSW446857.jpg,https://plantnet.rbgsyd.nsw.gov.au/HerbLink/multimedia/50/798/NSW446857.thumb.jpg,no
Grevillea bemboka,https://plantnet.rbgsyd.nsw.gov.au/cgi-bin/NSWfl.pl?page=nswfl&lvl=sp&name=Grevillea~bemboka,https://plantnet.rbgsyd.nsw.gov.au/cgi-bin/NSWfl.pl?page=nswfl&photo=31&file=51/054/NSW675577.jpg,https://plantnet.rbgsyd.nsw.gov.au/HerbLink/multimedia/51/054/NSW675577.thumb.jpg,no
Grevillea divaricata,https://plantnet.rbgsyd.nsw.gov.au/cgi-bin/NSWfl.pl?page=nswfl&lvl=sp&name=Grevillea~divaricata,https://plantnet.rbgsyd.nsw.gov.au/cgi-bin/NSWfl.pl?page=nswfl&photo=25&file=12/910/000200.jpg,https://plantnet.rbgsyd.nsw.gov.au/HerbLink/multimedia/12/910/000200.thumb.jpg,no
Grevillea virgata,https://plantnet.rbgsyd.nsw.gov.au/cgi-bin/NSWfl.pl?page=nswfl&lvl=sp&name=Grevillea~virgata,https://plantnet.rbgsyd.nsw.gov.au/cgi-bin/NSWfl.pl?page=nswfl&photo=33&file=89/406/NSW521895.jpg,https://plantnet.rbgsyd.nsw.gov.au/HerbLink/multimedia/89/406/NSW521895.thumb.jpg,no
Guioa coriacea,https://plantnet.rbgsyd.nsw.gov.au/cgi-bin/NSWfl.pl?page=nswfl&lvl=sp&name=Guioa~coriacea,https://plantnet.rbgsyd.nsw.gov.au/cgi-bin/NSWfl.pl?page=nswfl&photo=31&file=50/543/NSW168623.jpg,https://plantnet.rbgsyd.nsw.gov.au/HerbLink/multimedia/50/543/NSW168623.thumb.jpg,no
Haloragis milesiae,https://plantnet.rbgsyd.nsw.gov.au/cgi-bin/NSWfl.pl?page=nswfl&lvl=sp&name=Haloragis~milesiae,https://plantnet.rbgsyd.nsw.gov.au/cgi-bin/NSWfl.pl?page=nswfl&photo=25&file=98/547/022358.jpg,https://plantnet.rbgsyd.nsw.gov.au/HerbLink/multimedia/98/547/022358.thumb.jpg,no
Haloragodendron gibsonii,https://plantnet.rbgsyd.nsw.gov.au/cgi-bin/NSWfl.pl?page=nswfl&lvl=sp&name=Haloragodendron~gibsonii,https://plantnet.rbgsyd.nsw.gov.au/cgi-bin/NSWfl.pl?page=nswfl&photo=25&file=33/933/006885.jpg,https://plantnet.rbgsyd.nsw.gov.au/HerbLink/multimedia/33/933/006885.thumb.jpg,no
Hibbertia coloensis,https://plantnet.rbgsyd.nsw.gov.au/cgi-bin/NSWfl.pl?page=nswfl&lvl=sp&name=Hibbertia~coloensis,https://plantnet.rbgsyd.nsw.gov.au/cgi-bin/NSWfl.pl?page=nswfl&photo=33&file=96/521/NSW859957.jpg,https://plantnet.rbgsyd.nsw.gov.au/HerbLink/multimedia/96/521/NSW859957.thumb.jpg,no
Hibbertia fumana,https://plantnet.rbgsyd.nsw.gov.au/cgi-bin/NSWfl.pl?page=nswfl&lvl=sp&name=Hibbertia~fumana,https://plantnet.rbgsyd.nsw.gov.au/cgi-bin/NSWfl.pl?page=nswfl&photo=25&file=98/564/022402.jpg,https://plantnet.rbgsyd.nsw.gov.au/HerbLink/multimedia/98/564/022402.thumb.jpg,yes
Hymenophyllum howense,https://plantnet.rbgsyd.nsw.gov.au/cgi-bin/NSWfl.pl?page=nswfl&lvl=sp&name=Hymenophyllum~howense,https://plantnet.rbgsyd.nsw.gov.au/cgi-bin/NSWfl.pl?page=nswfl&photo=31&file=50/800/NSW447009.jpg,https://plantnet.rbgsyd.nsw.gov.au/HerbLink/multimedia/50/800/NSW447009.thumb.jpg,no
Hymenophyllum moorei,https://plantnet.rbgsyd.nsw.gov.au/cgi-bin/NSWfl.pl?page=nswfl&lvl=sp&name=Hymenophyllum~moorei,https://plantnet.rbgsyd.nsw.gov.au/cgi-bin/NSWfl.pl?page=nswfl&photo=31&file=50/801/NSW447010.jpg,https://plantnet.rbgsyd.nsw.gov.au/HerbLink/multimedia/50/801/NSW447010.thumb.jpg,no
Hyparrhenia filipendula,https://plantnet.rbgsyd.nsw.gov.au/cgi-bin/NSWfl.pl?page=nswfl&lvl=sp&name=Hyparrhenia~filipendula,https://plantnet.rbgsyd.nsw.gov.au/cgi-bin/NSWfl.pl?page=nswfl&photo=31&file=25/708/124724.jpg,https://plantnet.rbgsyd.nsw.gov.au/HerbLink/multimedia/25/708/124724.thumb.jpg,no
Indigofera triflora,https://plantnet.rbgsyd.nsw.gov.au/cgi-bin/NSWfl.pl?page=nswfl&lvl=sp&name=Indigofera~triflora,https://plantnet.rbgsyd.nsw.gov.au/cgi-bin/NSWfl.pl?page=nswfl&photo=25&file=0/316/000181.jpg,https://plantnet.rbgsyd.nsw.gov.au/HerbLink/multimedia/0/316/000181.thumb.jpg,no
Ixiochlamys nana,https://plantnet.rbgsyd.nsw.gov.au/cgi-bin/NSWfl.pl?page=nswfl&lvl=sp&name=Ixiochlamys~nana,https://plantnet.rbgsyd.nsw.gov.au/cgi-bin/NSWfl.pl?page=nswfl&photo=31&file=8/346/239057.jpg,https://plantnet.rbgsyd.nsw.gov.au/HerbLink/multimedia/8/346/239057.thumb.jpg,no
Juncus brevibracteus,https://plantnet.rbgsyd.nsw.gov.au/cgi-bin/NSWfl.pl?page=nswfl&lvl=sp&name=Juncus~brevibracteus,https://plantnet.rbgsyd.nsw.gov.au/cgi-bin/NSWfl.pl?page=nswfl&photo=32&file=26/767/248457.jpg,https://plantnet.rbgsyd.nsw.gov.au/HerbLink/multimedia/26/767/248457.thumb.jpg,no
Juncus dolichanthus,https://plantnet.rbgsyd.nsw.gov.au/cgi-bin/NSWfl.pl?page=nswfl&lvl=sp&name=Juncus~dolichanthus,https://plantnet.rbgsyd.nsw.gov.au/cgi-bin/NSWfl.pl?page=nswfl&photo=26&file=231/742/Callitris%20glaucophylla%20Cuttabri%20Gwabegar%20road%20%20site%20of%20Juncus%20dolichanthus%20KW%2010813.jpg,https://plantnet.rbgsyd.nsw.gov.au/HerbLink/multimedia/231/742/Callitris%20glaucophylla%20Cuttabri%20Gwabegar%20road%20%20site%20of%20Juncus%20dolichanthus%20KW%2010813.thumb.jpg,yes
Juncus firmus,https://plantnet.rbgsyd.nsw.gov.au/cgi-bin/NSWfl.pl?page=nswfl&lvl=sp&name=Juncus~firmus,https://plantnet.rbgsyd.nsw.gov.au/cgi-bin/NSWfl.pl?page=nswfl&photo=31&file=26/764/248406.jpg,https://plantnet.rbgsyd.nsw.gov.au/HerbLink/multimedia/26/764/248406.thumb.jpg,no
Juncus laeviusculus,https://plantnet.rbgsyd.nsw.gov.au/cgi-bin/NSWfl.pl?page=nswfl&lvl=sp&name=Juncus~laeviusculus,https://plantnet.rbgsyd.nsw.gov.au/cgi-bin/NSWfl.pl?page=nswfl&photo=33&file=90/297/NSW227867.jpg,https://plantnet.rbgsyd.nsw.gov.au/HerbLink/multimedia/90/297/NSW227867.thumb.jpg,no
Juncus ochrocoleus,https://plantnet.rbgsyd.nsw.gov.au/cgi-bin/NSWfl.pl?page=nswfl&lvl=sp&name=Juncus~ochrocoleus,https://plantnet.rbgsyd.nsw.gov.au/cgi-bin/NSWfl.pl?page=nswfl&photo=31&file=21/126/250440.jpg,https://plantnet.rbgsyd.nsw.gov.au/HerbLink/multimedia/21/126/250440.thumb.jpg,no
Juncus subglaucus,https://plantnet.rbgsyd.nsw.gov.au/cgi-bin/NSWfl.pl?page=nswfl&lvl=sp&name=Juncus~subglaucus,https://plantnet.rbgsyd.nsw.gov.au/cgi-bin/NSWfl.pl?page=nswfl&photo=31&file=23/214/258158.jpg,https://plantnet.rbgsyd.nsw.gov.au/HerbLink/multimedia/23/214/258158.thumb.jpg,no
Korthalsella emersa,https://plantnet.rbgsyd.nsw.gov.au/cgi-bin/NSWfl.pl?page=nswfl&lvl=sp&name=Korthalsella~emersa,https://plantnet.rbgsyd.nsw.gov.au/cgi-bin/NSWfl.pl?page=nswfl&photo=25&file=48/056/021774.jpg,https://plantnet.rbgsyd.nsw.gov.au/HerbLink/multimedia/48/056/021774.thumb.jpg,no
Kunzea aristulata,https://plantnet.rbgsyd.nsw.gov.au/cgi-bin/NSWfl.pl?page=nswfl&lvl=sp&name=Kunzea~aristulata,https://plantnet.rbgsyd.nsw.gov.au/cgi-bin/NSWfl.pl?page=nswfl&photo=31&file=50/391/NSW664289.jpg,https://plantnet.rbgsyd.nsw.gov.au/HerbLink/multimedia/50/391/NSW664289.thumb.jpg,no
Lasiopetalum longistamineum,https://plantnet.rbgsyd.nsw.gov.au/cgi-bin/NSWfl.pl?page=nswfl&lvl=sp&name=Lasiopetalum~longistamineum,https://plantnet.rbgsyd.nsw.gov.au/cgi-bin/NSWfl.pl?page=nswfl&photo=25&file=22/310/006845.jpg,https://plantnet.rbgsyd.nsw.gov.au/HerbLink/multimedia/22/310/006845.thumb.jpg,no
Lastreopsis nephrodioides,https://plantnet.rbgsyd.nsw.gov.au/cgi-bin/NSWfl.pl?page=nswfl&lvl=sp&name=Lastreopsis~nephrodioides,https://plantnet.rbgsyd.nsw.gov.au/cgi-bin/NSWfl.pl?page=nswfl&photo=31&file=50/807/NSW447671.jpg,https://plantnet.rbgsyd.nsw.gov.au/HerbLink/multimedia/50/807/NSW447671.thumb.jpg,no
Leiocarpa serpens,https://plantnet.rbgsyd.nsw.gov.au/cgi-bin/NSWfl.pl?page=nswfl&lvl=sp&name=Leiocarpa~serpens,https://plantnet.rbgsyd.nsw.gov.au/cgi-bin/NSWfl.pl?page=nswfl&photo=25&file=72/897/021596.jpg,https://plantnet.rbgsyd.nsw.gov.au/HerbLink/multimedia/72/897/021596.thumb.jpg,no
Leionema ceratogynum,https://plantnet.rbgsyd.nsw.gov.au/cgi-bin/NSWfl.pl?page=nswfl&lvl=sp&name=Leionema~ceratogynum,https://plantnet.rbgsyd.nsw.gov.au/cgi-bin/NSWfl.pl?page=nswfl&photo=31&file=8/330/236980.jpg,https://plantnet.rbgsyd.nsw.gov.au/HerbLink/multimedia/8/330/236980.thumb.jpg,no
Leionema scopulinum,https://plantnet.rbgsyd.nsw.gov.au/cgi-bin/NSWfl.pl?page=nswfl&lvl=sp&name=Leionema~scopulinum,https://plantnet.rbgsyd.nsw.gov.au/cgi-bin/NSWfl.pl?page=nswfl&photo=25&file=33/940/006892.jpg,https://plantnet.rbgsyd.nsw.gov.au/HerbLink/multimedia/33/940/006892.thumb.jpg,no
Lepidium hypenantion,https://plantnet.rbgsyd.nsw.gov.au/cgi-bin/NSWfl.pl?page=nswfl&lvl=sp&name=Lepidium~hypenantion,https://plantnet.rbgsyd.nsw.gov.au/cgi-bin/NSWfl.pl?page=nswfl&photo=33&file=90/164/NSW136436.jpg,https://plantnet.rbgsyd.nsw.gov.au/HerbLink/multimedia/90/164/NSW136436.thumb.jpg,no
Lepidium peregrinum,https://plantnet.rbgsyd.nsw.gov.au/cgi-bin/NSWfl.pl?page=nswfl&lvl=sp&name=Lepidium~peregrinum,https://plantnet.rbgsyd.nsw.gov.au/cgi-bin/NSWfl.pl?page=nswfl&photo=25&file=22/311/006846.jpg,https://plantnet.rbgsyd.nsw.gov.au/HerbLink/multimedia/22/311/006846.thumb.jpg,no
Lepidium sagittulatum,https://plantnet.rbgsyd.nsw.gov.au/cgi-bin/NSWfl.pl?page=nswfl&lvl=sp&name=Lepidium~sagittulatum,https://plantnet.rbgsyd.nsw.gov.au/cgi-bin/NSWfl.pl?page=nswfl&photo=31&file=53/452/NSW239994.jpg,https://plantnet.rbgsyd.nsw.gov.au/HerbLink/multimedia/53/452/NSW239994.thumb.jpg,no
Lepidosperma forsythii,https://plantnet.rbgsyd.nsw.gov.au/cgi-bin/NSWfl.pl?page=nswfl&lvl=sp&name=Lepidosperma~forsythii,https://plantnet.rbgsyd.nsw.gov.au/cgi-bin/NSWfl.pl?page=nswfl&photo=31&file=26/919/262896.jpg,https://plantnet.rbgsyd.nsw.gov.au/HerbLink/multimedia/26/919/262896.thumb.jpg,no
Lepidosperma latens,https://plantnet.rbgsyd.nsw.gov.au/cgi-bin/NSWfl.pl?page=nswfl&lvl=sp&name=Lepidosperma~latens,https://plantnet.rbgsyd.nsw.gov.au/cgi-bin/NSWfl.pl?page=nswfl&photo=31&file=25/927/263284.jpg,https://plantnet.rbgsyd.nsw.gov.au/HerbLink/multimedia/25/927/263284.thumb.jpg,no
Leptospermum argenteum,https://plantnet.rbgsyd.nsw.gov.au/cgi-bin/NSWfl.pl?page=nswfl&lvl=sp&name=Leptospermum~argenteum,https://plantnet.rbgsyd.nsw.gov.au/cgi-bin/NSWfl.pl?page=nswfl&photo=33&file=11/068/154771.jpg,https://plantnet.rbgsyd.nsw.gov.au/HerbLink/multimedia/11/068/154771.thumb.jpg,no
Lepyrodia oligocolea,https://plantnet.rbgsyd.nsw.gov.au/cgi-bin/NSWfl.pl?page=nswfl&lvl=sp&name=Lepyrodia~oligocolea,https://plantnet.rbgsyd.nsw.gov.au/cgi-bin/NSWfl.pl?page=nswfl&photo=25&file=72/958/021573.jpg,https://plantnet.rbgsyd.nsw.gov.au/HerbLink/multimedia/72/958/021573.thumb.jpg,no
Lepyrodia verruculosa,https://plantnet.rbgsyd.nsw.gov.au/cgi-bin/NSWfl.pl?page=nswfl&lvl=sp&name=Lepyrodia~verruculosa,https://plantnet.rbgsyd.nsw.gov.au/cgi-bin/NSWfl.pl?page=nswfl&photo=25&file=72/958/021573.jpg,https://plantnet.rbgsyd.nsw.gov.au/HerbLink/multimedia/72/958/021573.thumb.jpg,no
Luzula longiflora,https://plantnet.rbgsyd.nsw.gov.au/cgi-bin/NSWfl.pl?page=nswfl&lvl=sp&name=Luzula~longiflora,https://plantnet.rbgsyd.nsw.gov.au/cgi-bin/NSWfl.pl?page=nswfl&photo=31&file=50/897/NSW519596.jpg,https://plantnet.rbgsyd.nsw.gov.au/HerbLink/multimedia/50/897/NSW519596.thumb.jpg,no
Lysimachia fortunei,https://plantnet.rbgsyd.nsw.gov.au/cgi-bin/NSWfl.pl?page=nswfl&lvl=sp&name=Lysimachia~fortunei,https://plantnet.rbgsyd.nsw.gov.au/cgi-bin/NSWfl.pl?page=nswfl&photo=25&file=33/932/006886.jpg,https://plantnet.rbgsyd.nsw.gov.au/HerbLink/multimedia/33/932/006886.thumb.jpg,no
Macrozamia elegans,https://plantnet.rbgsyd.nsw.gov.au/cgi-bin/NSWfl.pl?page=nswfl&lvl=sp&name=Macrozamia~elegans,https://plantnet.rbgsyd.nsw.gov.au/cgi-bin/NSWfl.pl?page=nswfl&photo=33&file=2/451/601492.jpg,https://plantnet.rbgsyd.nsw.gov.au/HerbLink/multimedia/2/451/601492.thumb.jpg,no
Melicope contermina,https://plantnet.rbgsyd.nsw.gov.au/cgi-bin/NSWfl.pl?page=nswfl&lvl=sp&name=Melicope~contermina,https://plantnet.rbgsyd.nsw.gov.au/cgi-bin/NSWfl.pl?page=nswfl&photo=31&file=12/102/513674.jpg,https://plantnet.rbgsyd.nsw.gov.au/HerbLink/multimedia/12/102/513674.thumb.jpg,no
Minuria annua,https://plantnet.rbgsyd.nsw.gov.au/cgi-bin/NSWfl.pl?page=nswfl&lvl=sp&name=Minuria~annua,https://plantnet.rbgsyd.nsw.gov.au/cgi-bin/NSWfl.pl?page=nswfl&photo=31&file=8/385/250381.jpg,https://plantnet.rbgsyd.nsw.gov.au/HerbLink/multimedia/8/385/250381.thumb.jpg,no
Minuria scoparia,https://plantnet.rbgsyd.nsw.gov.au/cgi-bin/NSWfl.pl?page=nswfl&lvl=sp&name=Minuria~scoparia,https://plantnet.rbgsyd.nsw.gov.au/cgi-bin/NSWfl.pl?page=nswfl&photo=31&file=50/795/NSW445930.jpg,https://plantnet.rbgsyd.nsw.gov.au/HerbLink/multimedia/50/795/NSW445930.thumb.jpg,no
Monotoca ledifolia,https://plantnet.rbgsyd.nsw.gov.au/cgi-bin/NSWfl.pl?page=nswfl&lvl=sp&name=Monotoca~ledifolia,https://plantnet.rbgsyd.nsw.gov.au/cgi-bin/NSWfl.pl?page=nswfl&photo=31&file=11/547/405007.jpg,https://plantnet.rbgsyd.nsw.gov.au/HerbLink/multimedia/11/547/405007.thumb.jpg,no
Myriophyllum lophatum,https://plantnet.rbgsyd.nsw.gov.au/cgi-bin/NSWfl.pl?page=nswfl&lvl=sp&name=Myriophyllum~lophatum,https://plantnet.rbgsyd.nsw.gov.au/cgi-bin/NSWfl.pl?page=nswfl&photo=33&file=20/402/593942.jpg,https://plantnet.rbgsyd.nsw.gov.au/HerbLink/multimedia/20/402/593942.thumb.jpg,no
Myrsine mccomishii,https://plantnet.rbgsyd.nsw.gov.au/cgi-bin/NSWfl.pl?page=nswfl&lvl=sp&name=Myrsine~mccomishii,https://plantnet.rbgsyd.nsw.gov.au/cgi-bin/NSWfl.pl?page=nswfl&photo=31&file=50/624/NSW258045.jpg,https://plantnet.rbgsyd.nsw.gov.au/HerbLink/multimedia/50/624/NSW258045.thumb.jpg,no
Najas browniana,https://plantnet.rbgsyd.nsw.gov.au/cgi-bin/NSWfl.pl?page=nswfl&lvl=sp&name=Najas~browniana,https://plantnet.rbgsyd.nsw.gov.au/cgi-bin/NSWfl.pl?page=nswfl&photo=25&file=70/915/021587.jpg,https://plantnet.rbgsyd.nsw.gov.au/HerbLink/multimedia/70/915/021587.thumb.jpg,no
Neurachne munroi,https://plantnet.rbgsyd.nsw.gov.au/cgi-bin/NSWfl.pl?page=nswfl&lvl=sp&name=Neurachne~munroi,https://plantnet.rbgsyd.nsw.gov.au/cgi-bin/NSWfl.pl?page=nswfl&photo=31&file=25/729/126553.jpg,https://plantnet.rbgsyd.nsw.gov.au/HerbLink/multimedia/25/729/126553.thumb.jpg,no
Nicotiana simulans,https://plantnet.rbgsyd.nsw.gov.au/cgi-bin/NSWfl.pl?page=nswfl&lvl=sp&name=Nicotiana~simulans,https://plantnet.rbgsyd.nsw.gov.au/cgi-bin/NSWfl.pl?page=nswfl&photo=31&file=12/166/515508.jpg,https://plantnet.rbgsyd.nsw.gov.au/HerbLink/multimedia/12/166/515508.thumb.jpg,no
Olearia burgessii,https://plantnet.rbgsyd.nsw.gov.au/cgi-bin/NSWfl.pl?page=nswfl&lvl=sp&name=Olearia~burgessii,https://plantnet.rbgsyd.nsw.gov.au/cgi-bin/NSWfl.pl?page=nswfl&photo=31&file=8/836/392386.jpg,https://plantnet.rbgsyd.nsw.gov.au/HerbLink/multimedia/8/836/392386.thumb.jpg,no
Olearia gravis,https://plantnet.rbgsyd.nsw.gov.au/cgi-bin/NSWfl.pl?page=nswfl&lvl=sp&name=Olearia~gravis,https://plantnet.rbgsyd.nsw.gov.au/cgi-bin/NSWfl.pl?page=nswfl&photo=31&file=10/343/473655.jpg,https://plantnet.rbgsyd.nsw.gov.au/HerbLink/multimedia/10/343/473655.thumb.jpg,no
Olearia lasiophylla,https://plantnet.rbgsyd.nsw.gov.au/cgi-bin/NSWfl.pl?page=nswfl&lvl=sp&name=Olearia~lasiophylla,https://plantnet.rbgsyd.nsw.gov.au/cgi-bin/NSWfl.pl?page=nswfl&photo=31&file=10/245/459384.jpg,https://plantnet.rbgsyd.nsw.gov.au/HerbLink/multimedia/10/245/459384.thumb.jpg,no
Olearia mooneyi,https://plantnet.rbgsyd.nsw.gov.au/cgi-bin/NSWfl.pl?page=nswfl&lvl=sp&name=Olearia~mooneyi,https://plantnet.rbgsyd.nsw.gov.au/cgi-bin/NSWfl.pl?page=nswfl&photo=25&file=99/603/009953.jpg,https://plantnet.rbgsyd.nsw.gov.au/HerbLink/multimedia/99/603/009953.thumb.jpg,no
Ozothamnus obovatus,https://plantnet.rbgsyd.nsw.gov.au/cgi-bin/NSWfl.pl?page=nswfl&lvl=sp&name=Ozothamnus~obovatus,https://plantnet.rbgsyd.nsw.gov.au/cgi-bin/NSWfl.pl?page=nswfl&photo=32&file=10/737/514286.jpg,https://plantnet.rbgsyd.nsw.gov.au/HerbLink/multimedia/10/737/514286.thumb.jpg,yes
Panicum obseptum,https://plantnet.rbgsyd.nsw.gov.au/cgi-bin/NSWfl.pl?page=nswfl&lvl=sp&name=Panicum~obseptum,https://plantnet.rbgsyd.nsw.gov.au/cgi-bin/NSWfl.pl?page=nswfl&photo=31&file=26/686/218958.jpg,https://plantnet.rbgsyd.nsw.gov.au/HerbLink/multimedia/26/686/218958.thumb.jpg,no
Panicum paludosum,https://plantnet.rbgsyd.nsw.gov.au/cgi-bin/NSWfl.pl?page=nswfl&lvl=sp&name=Panicum~paludosum,https://plantnet.rbgsyd.nsw.gov.au/cgi-bin/NSWfl.pl?page=nswfl&photo=32&file=26/609/113189.jpg,https://plantnet.rbgsyd.nsw.gov.au/HerbLink/multimedia/26/609/113189.thumb.jpg,no
Paspalidium aversum,https://plantnet.rbgsyd.nsw.gov.au/cgi-bin/NSWfl.pl?page=nswfl&lvl=sp&name=Paspalidium~aversum,https://plantnet.rbgsyd.nsw.gov.au/cgi-bin/NSWfl.pl?page=nswfl&photo=31&file=26/577/112550.jpg,https://plantnet.rbgsyd.nsw.gov.au/HerbLink/multimedia/26/577/112550.thumb.jpg,no
Paspalidium caespitosum,https://plantnet.rbgsyd.nsw.gov.au/cgi-bin/NSWfl.pl?page=nswfl&lvl=sp&name=Paspalidium~caespitosum,https://plantnet.rbgsyd.nsw.gov.au/cgi-bin/NSWfl.pl?page=nswfl&photo=32&file=26/827/254149.jpg,https://plantnet.rbgsyd.nsw.gov.au/HerbLink/multimedia/26/827/254149.thumb.jpg,no
Paspalum longifolium,https://plantnet.rbgsyd.nsw.gov.au/cgi-bin/NSWfl.pl?page=nswfl&lvl=sp&name=Paspalum~longifolium,https://plantnet.rbgsyd.nsw.gov.au/cgi-bin/NSWfl.pl?page=nswfl&photo=31&file=53/486/NSW527178.jpg,https://plantnet.rbgsyd.nsw.gov.au/HerbLink/multimedia/53/486/NSW527178.thumb.jpg,no
Persoonia brevifolia,https://plantnet.rbgsyd.nsw.gov.au/cgi-bin/NSWfl.pl?page=nswfl&lvl=sp&name=Persoonia~brevifolia,https://plantnet.rbgsyd.nsw.gov.au/cgi-bin/NSWfl.pl?page=nswfl&photo=31&file=44/386/510147.jpg,https://plantnet.rbgsyd.nsw.gov.au/HerbLink/multimedia/44/386/510147.thumb.jpg,no
Persoonia daphnoides,https://plantnet.rbgsyd.nsw.gov.au/cgi-bin/NSWfl.pl?page=nswfl&lvl=sp&name=Persoonia~daphnoides,https://plantnet.rbgsyd.nsw.gov.au/cgi-bin/NSWfl.pl?page=nswfl&photo=31&file=44/411/565593.jpg,https://plantnet.rbgsyd.nsw.gov.au/HerbLink/multimedia/44/411/565593.thumb.jpg,no
Persoonia katerae,https://plantnet.rbgsyd.nsw.gov.au/cgi-bin/NSWfl.pl?page=nswfl&lvl=sp&name=Persoonia~katerae,https://plantnet.rbgsyd.nsw.gov.au/cgi-bin/NSWfl.pl?page=nswfl&photo=31&file=44/419/710499.jpg,https://plantnet.rbgsyd.nsw.gov.au/HerbLink/multimedia/44/419/710499.thumb.jpg,no
Persoonia oleoides,https://plantnet.rbgsyd.nsw.gov.au/cgi-bin/NSWfl.pl?page=nswfl&lvl=sp&name=Persoonia~oleoides,https://plantnet.rbgsyd.nsw.gov.au/cgi-bin/NSWfl.pl?page=nswfl&photo=31&file=44/412/565608.jpg,https://plantnet.rbgsyd.nsw.gov.au/HerbLink/multimedia/44/412/565608.thumb.jpg,no
Picris eichleri,https://plantnet.rbgsyd.nsw.gov.au/cgi-bin/NSWfl.pl?page=nswfl&lvl=sp&name=Picris~eichleri,https://plantnet.rbgsyd.nsw.gov.au/cgi-bin/NSWfl.pl?page=nswfl&photo=31&file=10/044/429859.jpg,https://plantnet.rbgsyd.nsw.gov.au/HerbLink/multimedia/10/044/429859.thumb.jpg,no
Pimelea elongata,https://plantnet.rbgsyd.nsw.gov.au/cgi-bin/NSWfl.pl?page=nswfl&lvl=sp&name=Pimelea~elongata,https://plantnet.rbgsyd.nsw.gov.au/cgi-bin/NSWfl.pl?page=nswfl&photo=25&file=22/314/006849.jpg,https://plantnet.rbgsyd.nsw.gov.au/HerbLink/multimedia/22/314/006849.thumb.jpg,yes
Pittosporum erioloma,https://plantnet.rbgsyd.nsw.gov.au/cgi-bin/NSWfl.pl?page=nswfl&lvl=sp&name=Pittosporum~erioloma,https://plantnet.rbgsyd.nsw.gov.au/cgi-bin/NSWfl.pl?page=nswfl&photo=31&file=12/062/513632.jpg,https://plantnet.rbgsyd.nsw.gov.au/HerbLink/multimedia/12/062/513632.thumb.jpg,no
Plantago cladarophylla,https://plantnet.rbgsyd.nsw.gov.au/cgi-bin/NSWfl.pl?page=nswfl&lvl=sp&name=Plantago~cladarophylla,https://plantnet.rbgsyd.nsw.gov.au/cgi-bin/NSWfl.pl?page=nswfl&photo=33&file=90/293/NSW223460.jpg,https://plantnet.rbgsyd.nsw.gov.au/HerbLink/multimedia/90/293/NSW223460.thumb.jpg,no
Plantago hedleyi,https://plantnet.rbgsyd.nsw.gov.au/cgi-bin/NSWfl.pl?page=nswfl&lvl=sp&name=Plantago~hedleyi,https://plantnet.rbgsyd.nsw.gov.au/cgi-bin/NSWfl.pl?page=nswfl&photo=31&file=51/029/NSW661501.jpg,https://plantnet.rbgsyd.nsw.gov.au/HerbLink/multimedia/51/029/NSW661501.thumb.jpg,no
Pluchea baccharoides,https://plantnet.rbgsyd.nsw.gov.au/cgi-bin/NSWfl.pl?page=nswfl&lvl=sp&name=Pluchea~baccharoides,https://plantnet.rbgsyd.nsw.gov.au/cgi-bin/NSWfl.pl?page=nswfl&photo=31&file=10/017/426050.jpg,https://plantnet.rbgsyd.nsw.gov.au/HerbLink/multimedia/10/017/426050.thumb.jpg,no
Podolepis omissa,https://plantnet.rbgsyd.nsw.gov.au/cgi-bin/NSWfl.pl?page=nswfl&lvl=sp&name=Podolepis~omissa,https://plantnet.rbgsyd.nsw.gov.au/cgi-bin/NSWfl.pl?page=nswfl&photo=25&file=100/706/022709.jpg,https://plantnet.rbgsyd.nsw.gov.au/HerbLink/multimedia/100/706/022709.thumb.jpg,no
Polycarpaea arida,https://plantnet.rbgsyd.nsw.gov.au/cgi-bin/NSWfl.pl?page=nswfl&lvl=sp&name=Polycarpaea~arida,https://plantnet.rbgsyd.nsw.gov.au/cgi-bin/NSWfl.pl?page=nswfl&photo=31&file=53/613/NSW673922.jpg,https://plantnet.rbgsyd.nsw.gov.au/HerbLink/multimedia/53/613/NSW673922.thumb.jpg,no
Polymeria longifolia,https://plantnet.rbgsyd.nsw.gov.au/cgi-bin/NSWfl.pl?page=nswfl&lvl=sp&name=Polymeria~longifolia,https://plantnet.rbgsyd.nsw.gov.au/cgi-bin/NSWfl.pl?page=nswfl&photo=31&file=12/183/515525.jpg,https://plantnet.rbgsyd.nsw.gov.au/HerbLink/multimedia/12/183/515525.thumb.jpg,no
Polystichum whiteleggei,https://plantnet.rbgsyd.nsw.gov.au/cgi-bin/NSWfl.pl?page=nswfl&lvl=sp&name=Polystichum~whiteleggei,https://plantnet.rbgsyd.nsw.gov.au/cgi-bin/NSWfl.pl?page=nswfl&photo=31&file=50/844/NSW439619.jpg,https://plantnet.rbgsyd.nsw.gov.au/HerbLink/multimedia/50/844/NSW439619.thumb.jpg,no
Pomaderris mediora,https://plantnet.rbgsyd.nsw.gov.au/cgi-bin/NSWfl.pl?page=nswfl&lvl=sp&name=Pomaderris~mediora,https://plantnet.rbgsyd.nsw.gov.au/cgi-bin/NSWfl.pl?page=nswfl&photo=31&file=10/229/457201.jpg,https://plantnet.rbgsyd.nsw.gov.au/HerbLink/multimedia/10/229/457201.thumb.jpg,no
Pomaderris precaria,https://plantnet.rbgsyd.nsw.gov.au/cgi-bin/NSWfl.pl?page=nswfl&lvl=sp&name=Pomaderris~precaria,https://plantnet.rbgsyd.nsw.gov.au/cgi-bin/NSWfl.pl?page=nswfl&photo=31&file=10/228/457199.jpg,https://plantnet.rbgsyd.nsw.gov.au/HerbLink/multimedia/10/228/457199.thumb.jpg,no
Pomaderris sericea,https://plantnet.rbgsyd.nsw.gov.au/cgi-bin/NSWfl.pl?page=nswfl&lvl=sp&name=Pomaderris~sericea,https://plantnet.rbgsyd.nsw.gov.au/cgi-bin/NSWfl.pl?page=nswfl&photo=25&file=22/318/006853.jpg,https://plantnet.rbgsyd.nsw.gov.au/HerbLink/multimedia/22/318/006853.thumb.jpg,no
Pomaderris viridis,https://plantnet.rbgsyd.nsw.gov.au/cgi-bin/NSWfl.pl?page=nswfl&lvl=sp&name=Pomaderris~viridis,https://plantnet.rbgsyd.nsw.gov.au/cgi-bin/NSWfl.pl?page=nswfl&photo=33&file=89/785/NSW830149.jpg,https://plantnet.rbgsyd.nsw.gov.au/HerbLink/multimedia/89/785/NSW830149.thumb.jpg,no
Pomaderris walshii,https://plantnet.rbgsyd.nsw.gov.au/cgi-bin/NSWfl.pl?page=nswfl&lvl=sp&name=Pomaderris~walshii,https://plantnet.rbgsyd.nsw.gov.au/cgi-bin/NSWfl.pl?page=nswfl&photo=25&file=33/925/006889.jpg,https://plantnet.rbgsyd.nsw.gov.au/HerbLink/multimedia/33/925/006889.thumb.jpg,no
Prostanthera gilesii,https://plantnet.rbgsyd.nsw.gov.au/cgi-bin/NSWfl.pl?page=nswfl&lvl=sp&name=Prostanthera~gilesii,https://plantnet.rbgsyd.nsw.gov.au/cgi-bin/NSWfl.pl?page=nswfl&photo=25&file=98/572/022377.jpg,https://plantnet.rbgsyd.nsw.gov.au/HerbLink/multimedia/98/572/022377.thumb.jpg,yes
Prostanthera junonis,https://plantnet.rbgsyd.nsw.gov.au/cgi-bin/NSWfl.pl?page=nswfl&lvl=sp&name=Prostanthera~junonis,https://plantnet.rbgsyd.nsw.gov.au/cgi-bin/NSWfl.pl?page=nswfl&photo=25&file=0/352/000027.jpg,https://plantnet.rbgsyd.nsw.gov.au/HerbLink/multimedia/0/352/000027.thumb.jpg,yes
Prostanthera makinsonii,https://plantnet.rbgsyd.nsw.gov.au/cgi-bin/NSWfl.pl?page=nswfl&lvl=sp&name=Prostanthera~makinsonii,https://plantnet.rbgsyd.nsw.gov.au/cgi-bin/NSWfl.pl?page=nswfl&photo=25&file=98/573/022378.jpg,https://plantnet.rbgsyd.nsw.gov.au/HerbLink/multimedia/98/573/022378.thumb.jpg,no
Psychotria carronis,https://plantnet.rbgsyd.nsw.gov.au/cgi-bin/NSWfl.pl?page=nswfl&lvl=sp&name=Psychotria~carronis,https://plantnet.rbgsyd.nsw.gov.au/cgi-bin/NSWfl.pl?page=nswfl&photo=31&file=53/528/NSW446934.jpg,https://plantnet.rbgsyd.nsw.gov.au/HerbLink/multimedia/53/528/NSW446934.thumb.jpg,no
Pterostylis macrosepala,https://plantnet.rbgsyd.nsw.gov.au/cgi-bin/NSWfl.pl?page=nswfl&lvl=sp&name=Pterostylis~macrosepala,https://plantnet.rbgsyd.nsw.gov.au/cgi-bin/NSWfl.pl?page=nswfl&photo=25&file=65/913/022043.jpg,https://plantnet.rbgsyd.nsw.gov.au/HerbLink/multimedia/65/913/022043.thumb.jpg,no
Pterostylis parca,https://plantnet.rbgsyd.nsw.gov.au/cgi-bin/NSWfl.pl?page=nswfl&lvl=sp&name=Pterostylis~parca,https://plantnet.rbgsyd.nsw.gov.au/cgi-bin/NSWfl.pl?page=nswfl&photo=25&file=65/912/022042.jpg,https://plantnet.rbgsyd.nsw.gov.au/HerbLink/multimedia/65/912/022042.thumb.jpg,yes
Pterostylis subtilis,https://plantnet.rbgsyd.nsw.gov.au/cgi-bin/NSWfl.pl?page=nswfl&lvl=sp&name=Pterostylis~subtilis,https://plantnet.rbgsyd.nsw.gov.au/cgi-bin/NSWfl.pl?page=nswfl&photo=33&file=89/682/NSW808868.jpg,https://plantnet.rbgsyd.nsw.gov.au/HerbLink/multimedia/89/682/NSW808868.thumb.jpg,no
Pultenaea lapidosa,https://plantnet.rbgsyd.nsw.gov.au/cgi-bin/NSWfl.pl?page=nswfl&lvl=sp&name=Pultenaea~lapidosa,https://plantnet.rbgsyd.nsw.gov.au/cgi-bin/NSWfl.pl?page=nswfl&photo=33&file=95/673/NSW500260.jpg,https://plantnet.rbgsyd.nsw.gov.au/HerbLink/multimedia/95/673/NSW500260.thumb.jpg,no
Pultenaea rodwayi,https://plantnet.rbgsyd.nsw.gov.au/cgi-bin/NSWfl.pl?page=nswfl&lvl=sp&name=Pultenaea~rodwayi,https://plantnet.rbgsyd.nsw.gov.au/cgi-bin/NSWfl.pl?page=nswfl&photo=33&file=95/635/NSW467031.jpg,https://plantnet.rbgsyd.nsw.gov.au/HerbLink/multimedia/95/635/NSW467031.thumb.jpg,no
Pycnosorus thompsonianus,https://plantnet.rbgsyd.nsw.gov.au/cgi-bin/NSWfl.pl?page=nswfl&lvl=sp&name=Pycnosorus~thompsonianus,https://plantnet.rbgsyd.nsw.gov.au/cgi-bin/NSWfl.pl?page=nswfl&photo=31&file=8/255/217369.jpg,https://plantnet.rbgsyd.nsw.gov.au/HerbLink/multimedia/8/255/217369.thumb.jpg,no
Ranunculus clivicola,https://plantnet.rbgsyd.nsw.gov.au/cgi-bin/NSWfl.pl?page=nswfl&lvl=sp&name=Ranunculus~clivicola,https://plantnet.rbgsyd.nsw.gov.au/cgi-bin/NSWfl.pl?page=nswfl&photo=31&file=11/346/281782.jpg,https://plantnet.rbgsyd.nsw.gov.au/HerbLink/multimedia/11/346/281782.thumb.jpg,no
Sannantha crassa,https://plantnet.rbgsyd.nsw.gov.au/cgi-bin/NSWfl.pl?page=nswfl&lvl=sp&name=Sannantha~crassa,https://plantnet.rbgsyd.nsw.gov.au/cgi-bin/NSWfl.pl?page=nswfl&photo=31&file=11/502/394598.jpg,https://plantnet.rbgsyd.nsw.gov.au/HerbLink/multimedia/11/502/394598.thumb.jpg,no
Sannantha whitei,https://plantnet.rbgsyd.nsw.gov.au/cgi-bin/NSWfl.pl?page=nswfl&lvl=sp&name=Sannantha~whitei,https://plantnet.rbgsyd.nsw.gov.au/cgi-bin/NSWfl.pl?page=nswfl&photo=25&file=78/569/021871.jpg,https://plantnet.rbgsyd.nsw.gov.au/HerbLink/multimedia/78/569/021871.thumb.jpg,no
Scaevola collina,https://plantnet.rbgsyd.nsw.gov.au/cgi-bin/NSWfl.pl?page=nswfl&lvl=sp&name=Scaevola~collina,https://plantnet.rbgsyd.nsw.gov.au/cgi-bin/NSWfl.pl?page=nswfl&photo=31&file=8/893/406725.jpg,https://plantnet.rbgsyd.nsw.gov.au/HerbLink/multimedia/8/893/406725.thumb.jpg,no
Sclerolaena anisacanthoides,https://plantnet.rbgsyd.nsw.gov.au/cgi-bin/NSWfl.pl?page=nswfl&lvl=sp&name=Sclerolaena~anisacanthoides,https://plantnet.rbgsyd.nsw.gov.au/cgi-bin/NSWfl.pl?page=nswfl&photo=31&file=51/288/NSW811261.jpg,https://plantnet.rbgsyd.nsw.gov.au/HerbLink/multimedia/51/288/NSW811261.thumb.jpg,yes
Senecio daltonii,https://plantnet.rbgsyd.nsw.gov.au/cgi-bin/NSWfl.pl?page=nswfl&lvl=sp&name=Senecio~daltonii,https://plantnet.rbgsyd.nsw.gov.au/cgi-bin/NSWfl.pl?page=nswfl&photo=31&file=10/880/514429.jpg,https://plantnet.rbgsyd.nsw.gov.au/HerbLink/multimedia/10/880/514429.thumb.jpg,no
Senecio esleri,https://plantnet.rbgsyd.nsw.gov.au/cgi-bin/NSWfl.pl?page=nswfl&lvl=sp&name=Senecio~esleri,https://plantnet.rbgsyd.nsw.gov.au/cgi-bin/NSWfl.pl?page=nswfl&photo=25&file=73/737/022071.jpg,https://plantnet.rbgsyd.nsw.gov.au/HerbLink/multimedia/73/737/022071.thumb.jpg,no
Senecio howeanus,https://plantnet.rbgsyd.nsw.gov.au/cgi-bin/NSWfl.pl?page=nswfl&lvl=sp&name=Senecio~howeanus,https://plantnet.rbgsyd.nsw.gov.au/cgi-bin/NSWfl.pl?page=nswfl&photo=25&file=82/899/022379.jpg,https://plantnet.rbgsyd.nsw.gov.au/HerbLink/multimedia/82/899/022379.thumb.jpg,no
Senecio lageniformis,https://plantnet.rbgsyd.nsw.gov.au/cgi-bin/NSWfl.pl?page=nswfl&lvl=sp&name=Senecio~lageniformis,https://plantnet.rbgsyd.nsw.gov.au/cgi-bin/NSWfl.pl?page=nswfl&photo=25&file=78/507/022364.jpg,https://plantnet.rbgsyd.nsw.gov.au/HerbLink/multimedia/78/507/022364.thumb.jpg,yes
Senecio longipilus,https://plantnet.rbgsyd.nsw.gov.au/cgi-bin/NSWfl.pl?page=nswfl&lvl=sp&name=Senecio~longipilus,https://plantnet.rbgsyd.nsw.gov.au/cgi-bin/NSWfl.pl?page=nswfl&photo=25&file=82/900/022380.jpg,https://plantnet.rbgsyd.nsw.gov.au/HerbLink/multimedia/82/900/022380.thumb.jpg,no
Senecio niveoplanus,https://plantnet.rbgsyd.nsw.gov.au/cgi-bin/NSWfl.pl?page=nswfl&lvl=sp&name=Senecio~niveoplanus,https://plantnet.rbgsyd.nsw.gov.au/cgi-bin/NSWfl.pl?page=nswfl&photo=33&file=93/469/NSW591809.jpg,https://plantnet.rbgsyd.nsw.gov.au/HerbLink/multimedia/93/469/NSW591809.thumb.jpg,no
Senecio psilophyllus,https://plantnet.rbgsyd.nsw.gov.au/cgi-bin/NSWfl.pl?page=nswfl&lvl=sp&name=Senecio~psilophyllus,https://plantnet.rbgsyd.nsw.gov.au/cgi-bin/NSWfl.pl?page=nswfl&photo=25&file=82/901/022381.jpg,https://plantnet.rbgsyd.nsw.gov.au/HerbLink/multimedia/82/901/022381.thumb.jpg,no
Senecio tuberculatus,https://plantnet.rbgsyd.nsw.gov.au/cgi-bin/NSWfl.pl?page=nswfl&lvl=sp&name=Senecio~tuberculatus,https://plantnet.rbgsyd.nsw.gov.au/cgi-bin/NSWfl.pl?page=nswfl&photo=31&file=8/640/294802.jpg,https://plantnet.rbgsyd.nsw.gov.au/HerbLink/multimedia/8/640/294802.thumb.jpg,no
Solanum neoanglicum,https://plantnet.rbgsyd.nsw.gov.au/cgi-bin/NSWfl.pl?page=nswfl&lvl=sp&name=Solanum~neoanglicum,https://plantnet.rbgsyd.nsw.gov.au/cgi-bin/NSWfl.pl?page=nswfl&photo=31&file=50/950/NSW593465.jpg,https://plantnet.rbgsyd.nsw.gov.au/HerbLink/multimedia/50/950/NSW593465.thumb.jpg,no
Sporobolus blakei,https://plantnet.rbgsyd.nsw.gov.au/cgi-bin/NSWfl.pl?page=nswfl&lvl=sp&name=Sporobolus~blakei,https://plantnet.rbgsyd.nsw.gov.au/cgi-bin/NSWfl.pl?page=nswfl&photo=31&file=53/512/NSW261170.jpg,https://plantnet.rbgsyd.nsw.gov.au/HerbLink/multimedia/53/512/NSW261170.thumb.jpg,no
Sporobolus contiguus,https://plantnet.rbgsyd.nsw.gov.au/cgi-bin/NSWfl.pl?page=nswfl&lvl=sp&name=Sporobolus~contiguus,https://plantnet.rbgsyd.nsw.gov.au/cgi-bin/NSWfl.pl?page=nswfl&photo=31&file=35/039/546128.jpg,https://plantnet.rbgsyd.nsw.gov.au/HerbLink/multimedia/35/039/546128.thumb.jpg,no
Sporobolus sessilis,https://plantnet.rbgsyd.nsw.gov.au/cgi-bin/NSWfl.pl?page=nswfl&lvl=sp&name=Sporobolus~sessilis,https://plantnet.rbgsyd.nsw.gov.au/cgi-bin/NSWfl.pl?page=nswfl&photo=31&file=53/515/NSW279378.jpg,https://plantnet.rbgsyd.nsw.gov.au/HerbLink/multimedia/53/515/NSW279378.thumb.jpg,no
Striga parviflora,https://plantnet.rbgsyd.nsw.gov.au/cgi-bin/NSWfl.pl?page=nswfl&lvl=sp&name=Striga~parviflora,https://plantnet.rbgsyd.nsw.gov.au/cgi-bin/NSWfl.pl?page=nswfl&photo=31&file=53/526/NSW436739.jpg,https://plantnet.rbgsyd.nsw.gov.au/HerbLink/multimedia/53/526/NSW436739.thumb.jpg,no
Swainsona bracteata,https://plantnet.rbgsyd.nsw.gov.au/cgi-bin/NSWfl.pl?page=nswfl&lvl=sp&name=Swainsona~bracteata,https://plantnet.rbgsyd.nsw.gov.au/cgi-bin/NSWfl.pl?page=nswfl&photo=31&file=11/043/125660.jpg,https://plantnet.rbgsyd.nsw.gov.au/HerbLink/multimedia/11/043/125660.thumb.jpg,no
Swainsona cadellii,https://plantnet.rbgsyd.nsw.gov.au/cgi-bin/NSWfl.pl?page=nswfl&lvl=sp&name=Swainsona~cadellii,https://plantnet.rbgsyd.nsw.gov.au/cgi-bin/NSWfl.pl?page=nswfl&photo=31&file=11/676/424390.jpg,https://plantnet.rbgsyd.nsw.gov.au/HerbLink/multimedia/11/676/424390.thumb.jpg,no
Swainsona fraseri,https://plantnet.rbgsyd.nsw.gov.au/cgi-bin/NSWfl.pl?page=nswfl&lvl=sp&name=Swainsona~fraseri,https://plantnet.rbgsyd.nsw.gov.au/cgi-bin/NSWfl.pl?page=nswfl&photo=31&file=11/440/378936.jpg,https://plantnet.rbgsyd.nsw.gov.au/HerbLink/multimedia/11/440/378936.thumb.jpg,yes
Swainsona reticulata,https://plantnet.rbgsyd.nsw.gov.au/cgi-bin/NSWfl.pl?page=nswfl&lvl=sp&name=Swainsona~reticulata,https://plantnet.rbgsyd.nsw.gov.au/cgi-bin/NSWfl.pl?page=nswfl&photo=31&file=11/008/104547.jpg,https://plantnet.rbgsyd.nsw.gov.au/HerbLink/multimedia/11/008/104547.thumb.jpg,no
Teucrium betchei,https://plantnet.rbgsyd.nsw.gov.au/cgi-bin/NSWfl.pl?page=nswfl&lvl=sp&name=Teucrium~betchei,https://plantnet.rbgsyd.nsw.gov.au/cgi-bin/NSWfl.pl?page=nswfl&photo=33&file=88/910/NSW145058.jpg,https://plantnet.rbgsyd.nsw.gov.au/HerbLink/multimedia/88/910/NSW145058.thumb.jpg,no
Tribulus minutus,https://plantnet.rbgsyd.nsw.gov.au/cgi-bin/NSWfl.pl?page=nswfl&lvl=sp&name=Tribulus~minutus,https://plantnet.rbgsyd.nsw.gov.au/cgi-bin/NSWfl.pl?page=nswfl&photo=31&file=12/450/518102.jpg,https://plantnet.rbgsyd.nsw.gov.au/HerbLink/multimedia/12/450/518102.thumb.jpg,no
Veronica lithophila,https://plantnet.rbgsyd.nsw.gov.au/cgi-bin/NSWfl.pl?page=nswfl&lvl=sp&name=Veronica~lithophila,https://plantnet.rbgsyd.nsw.gov.au/cgi-bin/NSWfl.pl?page=nswfl&photo=28&file=5/200/004617.jpg,https://plantnet.rbgsyd.nsw.gov.au/HerbLink/multimedia/5/200/004617.thumb.jpg,yes
Vesselowskya venusta,https://plantnet.rbgsyd.nsw.gov.au/cgi-bin/NSWfl.pl?page=nswfl&lvl=sp&name=Vesselowskya~venusta,https://plantnet.rbgsyd.nsw.gov.au/cgi-bin/NSWfl.pl?page=nswfl&photo=33&file=90/865/NSW518330.jpg,https://plantnet.rbgsyd.nsw.gov.au/HerbLink/multimedia/90/865/NSW518330.thumb.jpg,yes
Vittadinia condyloides,https://plantnet.rbgsyd.nsw.gov.au/cgi-bin/NSWfl.pl?page=nswfl&lvl=sp&name=Vittadinia~condyloides,https://plantnet.rbgsyd.nsw.gov.au/cgi-bin/NSWfl.pl?page=nswfl&photo=31&file=10/544/513752.jpg,https://plantnet.rbgsyd.nsw.gov.au/HerbLink/multimedia/10/544/513752.thumb.jpg,no
Wahlenbergia aridicola,https://plantnet.rbgsyd.nsw.gov.au/cgi-bin/NSWfl.pl?page=nswfl&lvl=sp&name=Wahlenbergia~aridicola,https://plantnet.rbgsyd.nsw.gov.au/cgi-bin/NSWfl.pl?page=nswfl&photo=31&file=8/393/251055.jpg,https://plantnet.rbgsyd.nsw.gov.au/HerbLink/multimedia/8/393/251055.thumb.jpg,no
Wahlenbergia rupicola,https://plantnet.rbgsyd.nsw.gov.au/cgi-bin/NSWfl.pl?page=nswfl&lvl=sp&name=Wahlenbergia~rupicola,https://plantnet.rbgsyd.nsw.gov.au/cgi-bin/NSWfl.pl?page=nswfl&photo=33&file=88/724/NSW840728.jpg,https://plantnet.rbgsyd.nsw.gov.au/HerbLink/multimedia/88/724/NSW840728.thumb.jpg,no
Wahlenbergia telfordii,https://plantnet.rbgsyd.nsw.gov.au/cgi-bin/NSWfl.pl?page=nswfl&lvl=sp&name=Wahlenbergia~telfordii,https://plantnet.rbgsyd.nsw.gov.au/cgi-bin/NSWfl.pl?page=nswfl&photo=33&file=88/725/NSW840729.jpg,https://plantnet.rbgsyd.nsw.gov.au/HerbLink/multimedia/88/725/NSW840729.thumb.jpg,no
Zannichellia palustris,https://plantnet.rbgsyd.nsw.gov.au/cgi-bin/NSWfl.pl?page=nswfl&lvl=sp&name=Zannichellia~palustris,https://plantnet.rbgsyd.nsw.gov.au/cgi-bin/NSWfl.pl?page=nswfl&photo=25&file=70/904/021590.jpg,https://plantnet.rbgsyd.nsw.gov.au/HerbLink/multimedia/70/904/021590.thumb.jpg,no
Lagenophora brachyglossa,,,,yes
Lobelia claviflora,,,,yes
Carex nemoralis,,,,yes
Cyperus leiocaulon,,,,yes
Eleocharis obicis,,,,yes
Isolepis victoriensis,,,,yes
Schoenus centralis,,,,yes
Schoenus vaginatus,,,,yes
Hibbertia spanantha,,,,yes
Chamaecrista biddulphiana,,,,yes
Bossiaea oligosperma,,,,yes
Indigofera efoliata,,,,yes
Acacia undulifolia,,,,yes
Myriophyllum implicatum,,,,yes
Baeckea kandos,,,,yes
Kunzea juniperoides,,,,yes
Corybas longitubus,,,,yes
Pterostylis hians,,,,yes
Pterostylis petrosa,,,,yes
Entolasia whiteana,,,,yes
Paspalidium breviflorum,,,,yes
Poa fordeana,,,,yes
Grevillea granulifera,,,,yes
Grevillea kedumbensis,,,,yes
Pomaderris adnata,,,,yes
Asperula geminifolia,,,,yes
Leionema lachnaeoides,,,,yes
